Rk,Player,Tm,Age,Pos,G,GS,Tgt,Rec,Ctch%,Yds,Y/R,TD,1D,Lng,Y/Tgt,R/G,Y/G,Fmb
1,Stefon Diggs*+,BUF,27,WR,16,15,166,127,0.765,1535,12.1,8,73,55,9.2,7.9,95.9,0
2,Davante Adams*+,GNB,28,WR,14,14,149,115,0.772,1374,11.9,18,73,56,9.2,8.2,98.1,1
3,DeAndre Hopkins*,ARI,28,WR,16,16,160,115,0.719,1407,12.2,6,75,60,8.8,7.2,87.9,3
4,Darren Waller*,LVR,28,TE,16,15,145,107,0.738,1196,11.2,9,69,38,8.2,6.7,74.8,2
5,Travis Kelce*+,KAN,31,TE,15,15,145,105,0.724,1416,13.5,11,79,45,9.8,7,94.4,1
6,Allen Robinson,CHI,27,WR,16,16,151,102,0.675,1250,12.3,6,68,42,8.3,6.4,78.1,0
7,Keenan Allen*,LAC,28,WR,14,13,147,100,0.68,992,9.9,8,61,28,6.7,7.1,70.9,3
8,Tyler Lockett,SEA,28,WR,16,16,132,100,0.758,1054,10.5,10,57,47,8,6.3,65.9,1
9,JuJu Smith-Schuster,PIT,24,WR,16,14,128,97,0.758,831,8.6,9,48,31,6.5,6.1,51.9,3
10,Robby Anderson,CAR,27,WR,16,16,136,95,0.699,1096,11.5,3,49,75,8.1,5.9,68.5,1
11,Amari Cooper,DAL,26,WR,16,15,130,92,0.708,1114,12.1,5,54,69,8.6,5.8,69.6,0
12,Cooper Kupp,LAR,27,WR,15,12,124,92,0.742,974,10.6,3,44,55,7.9,6.1,64.9,1
13,Calvin Ridley,ATL,26,WR,15,15,143,90,0.629,1374,15.3,9,65,63,9.6,6,91.6,1
14,Robert Woods,LAR,28,WR,16,16,129,90,0.698,936,10.4,6,44,56,7.3,5.6,58.5,2
15,Justin Jefferson*,MIN,21,WR,16,14,125,88,0.704,1400,15.9,7,58,71,11.2,5.5,87.5,1
16,Diontae Johnson,PIT,24,WR,15,13,144,88,0.611,923,10.5,7,45,47,6.4,5.9,61.5,2
17,Tyreek Hill*+,KAN,26,WR,15,15,135,87,0.644,1276,14.7,15,57,75,9.5,5.8,85.1,1
18,Terry McLaurin,WAS,25,WR,15,15,134,87,0.649,1118,12.9,4,51,68,8.3,5.8,74.5,1
19,Alvin Kamara*,NOR,25,RB,15,10,107,83,0.776,756,9.1,5,35,52,7.1,5.5,50.4,1
20,D.K. Metcalf*,SEA,23,WR,16,16,129,83,0.643,1303,15.7,10,63,62,10.1,5.2,81.4,1
21,Cole Beasley,BUF,31,wr,15,10,107,82,0.766,967,11.8,4,53,35,9,5.5,64.5,0
22,Brandin Cooks,HOU,27,WR,15,15,119,81,0.681,1150,14.2,6,51,57,9.7,5.4,76.7,0
23,J.D. McKissic,WAS,27,rb,16,7,110,80,0.727,589,7.4,2,32,29,5.4,5,36.8,3
24,Tyler Boyd,CIN,26,wr,15,8,110,79,0.718,841,10.6,4,43,72,7.6,5.3,56.1,1
25,Curtis Samuel,CAR,24,WR,15,5,97,77,0.794,851,11.1,3,39,44,8.8,5.1,56.7,1
26,Marvin Jones,DET,30,WR,16,16,115,76,0.661,978,12.9,9,52,43,8.5,4.8,61.1,0
27,CeeDee Lamb,DAL,21,WR,16,14,111,74,0.667,935,12.6,5,46,52,8.4,4.6,58.4,2
28,Adam Thielen,MIN,30,WR,15,15,108,74,0.685,925,12.5,14,52,51,8.6,4.9,61.7,0
29,Russell Gage,ATL,24,wr,16,8,109,72,0.661,786,10.9,4,50,35,7.2,4.5,49.1,0
30,Jarvis Landry,CLE,28,WR,15,14,101,72,0.713,840,11.7,3,46,32,8.3,4.8,56,2
31,Logan Thomas,WAS,29,TE,16,15,110,72,0.655,670,9.3,6,36,30,6.1,4.5,41.9,0
32,A.J. Brown*,TEN,23,WR,14,12,106,70,0.66,1075,15.4,11,55,73,10.1,5,76.8,2
33,Mike Evans,TAM,27,WR,16,16,109,70,0.642,1006,14.4,13,55,50,9.2,4.4,62.9,0
34,Tee Higgins,CIN,21,WR,16,14,108,67,0.62,908,13.6,6,52,67,8.4,4.2,56.8,1
35,T.J. Hockenson*,DET,23,TE,16,16,101,67,0.663,723,10.8,6,40,51,7.2,4.2,45.2,1
36,D.J. Moore,CAR,23,WR,15,14,118,66,0.559,1193,18.1,4,53,74,10.1,4.4,79.5,0
37,Sterling Shepard,NYG,27,WR,12,12,90,66,0.733,656,9.9,3,37,29,7.3,5.5,54.7,0
38,Corey Davis,TEN,25,WR,14,12,92,65,0.707,984,15.1,5,49,75,10.7,4.6,70.3,1
39,Chris Godwin,TAM,24,WR,12,12,84,65,0.774,840,12.9,7,43,47,10,5.4,70,1
40,Evan Engram*,NYG,26,TE,16,14,109,63,0.578,654,10.4,1,29,53,6,3.9,40.9,1
41,Nyheim Hines,IND,24,,16,2,76,63,0.829,482,7.7,4,24,29,6.3,3.9,30.1,0
42,DeVante Parker,MIA,27,WR,14,11,103,63,0.612,793,12.6,4,45,31,7.7,4.5,56.6,1
43,Dalton Schultz,DAL,24,TE,16,14,89,63,0.708,615,9.8,4,33,28,6.9,3.9,38.4,1
44,Chase Claypool,PIT,22,wr,16,6,109,62,0.569,873,14.1,9,41,84,8,3.9,54.6,3
45,Noah Fant,DEN,23,TE,15,14,93,62,0.667,673,10.9,3,34,37,7.2,4.1,44.9,0
46,Darnell Mooney,CHI,23,wr,16,9,98,61,0.622,631,10.3,4,33,53,6.4,3.8,39.4,1
47,Emmanuel Sanders,NOR,33,WR,14,5,82,61,0.744,726,11.9,5,33,51,8.9,4.4,51.9,1
48,Brandon Aiyuk,SFO,22,WR,12,11,96,60,0.625,748,12.5,5,42,49,7.8,5,62.3,0
49,Hunter Henry,LAC,26,TE,14,14,93,60,0.645,613,10.2,4,35,33,6.6,4.3,43.8,0
50,Jamison Crowder,NYJ,27,WR,12,7,89,59,0.663,699,11.8,6,32,69,7.9,4.9,58.3,0
51,Mike Davis,CAR,27,RB,15,12,70,59,0.843,373,6.3,2,17,23,5.3,3.9,24.9,1
52,Michael Gallup,DAL,24,WR,16,15,105,59,0.562,843,14.3,5,44,55,8,3.7,52.7,0
53,Jakobi Meyers,NWE,24,wr,14,9,81,59,0.728,729,12.4,0,37,35,9,4.2,52.1,1
54,Mark Andrews,BAL,25,,14,2,88,58,0.659,701,12.1,7,37,39,8,4.1,50.1,2
55,Marquise Brown,BAL,23,WR,16,14,100,58,0.58,769,13.3,8,35,70,7.7,3.6,48.1,0
56,Laviska Shenault Jr.,JAX,22,WR,14,12,79,58,0.734,600,10.3,5,33,36,7.6,4.1,42.9,0
57,Eric Ebron,PIT,27,te,15,9,91,56,0.615,558,10,5,30,27,6.1,3.7,37.2,1
58,T.Y. Hilton,IND,31,WR,15,15,93,56,0.602,762,13.6,5,42,50,8.2,3.7,50.8,0
59,Hayden Hurst,ATL,27,te,16,9,88,56,0.636,571,10.2,6,35,42,6.5,3.5,35.7,0
60,Hunter Renfrow,LVR,25,wr,16,6,77,56,0.727,656,11.7,2,32,53,8.5,3.5,41,2
61,Keelan Cole,JAX,27,wr,16,5,88,55,0.625,642,11.7,5,34,51,7.3,3.4,40.1,0
62,Austin Ekeler,LAC,25,RB,10,10,65,54,0.831,403,7.5,2,20,28,6.2,5.4,40.3,1
63,Larry Fitzgerald,ARI,37,WR,13,13,72,54,0.75,409,7.6,1,25,18,5.7,4.2,31.5,0
64,David Montgomery,CHI,23,RB,15,14,68,54,0.794,438,8.1,2,25,28,6.4,3.6,29.2,1
65,DJ Chark,JAX,24,WR,13,12,93,53,0.57,706,13.3,5,37,73,7.6,4.1,54.3,0
66,Chase Edmonds,ARI,24,,16,2,67,53,0.791,402,7.6,4,21,30,6,3.3,25.1,2
67,Will Fuller,HOU,26,WR,11,11,75,53,0.707,879,16.6,8,38,77,11.7,4.8,79.9,0
68,Mike Gesicki,MIA,25,TE,15,9,85,53,0.624,703,13.3,6,36,70,8.3,3.5,46.9,0
69,Greg Ward,PHI,25,wr,16,10,79,53,0.671,419,7.9,6,24,32,5.3,3.3,26.2,2
70,Ezekiel Elliott,DAL,25,RB,15,15,71,52,0.732,338,6.5,2,20,19,4.8,3.5,22.5,6
71,Jerry Jeudy,DEN,21,WR,16,14,113,52,0.46,856,16.5,3,39,92,7.6,3.3,53.5,2
72,Josh Reynolds,LAR,25,WR,16,13,81,52,0.642,618,11.9,2,29,40,7.6,3.3,38.6,2
73,Robert Tonyan,GNB,26,TE,16,8,59,52,0.881,586,11.3,11,33,45,9.9,3.3,36.6,0
74,Julio Jones,ATL,31,WR,9,9,68,51,0.75,771,15.1,3,36,44,11.3,5.7,85.7,0
75,Tim Patrick,DEN,27,WR,15,15,79,51,0.646,742,14.5,6,33,61,9.4,3.4,49.5,0
76,Jimmy Graham,CHI,34,TE,16,15,76,50,0.658,456,9.1,8,32,30,6,3.1,28.5,1
77,Darius Slayton,NYG,23,WR,16,15,96,50,0.521,751,15,3,38,41,7.8,3.1,46.9,1
78,Kendrick Bourne,SFO,25,wr,15,5,74,49,0.662,667,13.6,2,35,49,9,3.3,44.5,0
79,Anthony Miller,CHI,26,WR,16,6,76,49,0.645,485,9.9,2,23,34,6.4,3.1,30.3,2
80,James Robinson,JAX,22,RB,14,14,60,49,0.817,344,7,3,15,28,5.7,3.5,24.6,3
81,James White,NWE,28,,14,0,62,49,0.79,375,7.7,1,20,34,6,3.5,26.8,1
82,Nelson Agholor,LVR,27,WR,16,13,82,48,0.585,896,18.7,8,37,85,10.9,3,56,0
83,Christian Kirk,ARI,24,WR,14,10,79,48,0.608,621,12.9,6,30,80,7.9,3.4,44.4,1
84,George Kittle,SFO,27,TE,8,8,63,48,0.762,634,13.2,2,32,44,10.1,6,79.3,0
85,Mike Williams,LAC,26,WR,15,11,85,48,0.565,756,15.8,5,35,64,8.9,3.2,50.4,0
86,Giovani Bernard,CIN,29,RB,16,10,59,47,0.797,355,7.6,3,15,42,6,2.9,22.2,1
87,Damiere Byrd,NWE,27,WR,16,14,77,47,0.61,604,12.9,1,29,42,7.8,2.9,37.8,3
88,A.J. Green,CIN,32,WR,16,14,104,47,0.452,523,11.1,2,34,33,5,2.9,32.7,0
89,Aaron Jones*,GNB,26,RB,14,14,63,47,0.746,355,7.6,2,15,30,5.6,3.4,25.4,2
90,Danny Amendola,DET,35,wr,14,5,69,46,0.667,602,13.1,0,30,50,8.7,3.3,43,0
91,Dallas Goedert,PHI,25,TE,11,9,65,46,0.708,524,11.4,3,28,41,8.1,4.2,47.6,0
92,Austin Hooper,CLE,26,TE,13,13,70,46,0.657,435,9.5,4,27,36,6.2,3.5,33.5,0
93,D'Andre Swift,DET,21,,13,4,57,46,0.807,357,7.8,2,15,26,6.3,3.5,27.5,3
94,Antonio Brown,TAM,32,,8,4,62,45,0.726,483,10.7,4,27,46,7.8,5.6,60.4,0
95,Rob Gronkowski,TAM,31,TE,16,16,77,45,0.584,623,13.8,7,29,48,8.1,2.8,38.9,1
96,Demarcus Robinson,KAN,26,WR,16,9,59,45,0.763,466,10.4,3,26,28,7.9,2.8,29.1,2
97,Dalvin Cook*,MIN,25,RB,14,14,54,44,0.815,361,8.2,1,17,50,6.7,3.1,25.8,5
98,Tyler Higbee,LAR,27,TE,15,15,60,44,0.733,521,11.8,5,26,44,8.7,2.9,34.7,0
99,Zach Pascal,IND,26,WR,16,14,71,44,0.62,629,14.3,5,29,42,8.9,2.8,39.3,0
100,Gerald Everett,LAR,26,te,16,7,62,41,0.661,417,10.2,1,24,40,6.7,2.6,26.1,1
101,Myles Gaskin,MIA,23,RB,10,7,47,41,0.872,388,9.5,2,12,59,8.3,4.1,38.8,2
102,Mecole Hardman,KAN,22,wr,16,8,62,41,0.661,560,13.7,4,23,49,9,2.6,35,2
103,Jonnu Smith,TEN,25,TE,15,14,65,41,0.631,448,10.9,8,25,63,6.9,2.7,29.9,0
104,Chris Conley,JAX,28,,15,4,63,40,0.635,471,11.8,2,24,51,7.5,2.7,31.4,1
105,Michael Pittman Jr.,IND,23,WR,13,8,61,40,0.656,503,12.6,1,22,45,8.2,3.1,38.7,0
106,Drew Sample,CIN,24,TE,16,13,53,40,0.755,349,8.7,1,16,23,6.6,2.5,21.8,1
107,Michael Thomas,NOR,27,wr,7,5,55,40,0.727,438,11,0,25,24,8,5.7,62.6,0
108,Anthony Firkser,TEN,25,,16,1,53,39,0.736,387,9.9,1,26,45,7.3,2.4,24.2,0
109,Randall Cobb,HOU,30,,10,2,48,38,0.792,441,11.6,3,20,34,9.2,3.8,44.1,0
110,Travis Fulgham,PHI,25,WR,13,8,67,38,0.567,539,14.2,4,26,42,8,2.9,41.5,0
111,Kareem Hunt,CLE,25,rb,16,5,51,38,0.745,304,8,5,19,26,6,2.4,19,2
112,Devin Singletary,BUF,23,RB,16,16,50,38,0.76,269,7.1,0,8,34,5.4,2.4,16.8,1
113,Jordan Akins,HOU,28,te,13,5,49,37,0.755,403,10.9,1,20,26,8.2,2.8,31,0
114,Braxton Berrios,NYJ,25,,16,2,55,37,0.673,394,10.6,3,19,43,7.2,2.3,24.6,0
115,Chris Carson,SEA,26,RB,12,12,46,37,0.804,287,7.8,4,14,29,6.2,3.1,23.9,1
116,Jared Cook,NOR,33,TE,15,5,60,37,0.617,504,13.6,7,27,46,8.4,2.5,33.6,1
117,Rashard Higgins,CLE,26,wr,13,6,52,37,0.712,599,16.2,4,26,43,11.5,2.8,46.1,3
118,Sammy Watkins,KAN,27,WR,10,9,55,37,0.673,421,11.4,2,27,37,7.7,3.7,42.1,1
119,Clyde Edwards-Helaire,KAN,21,RB,13,13,54,36,0.667,297,8.3,1,12,26,5.5,2.8,22.8,0
120,Tyler Eifert,JAX,30,,15,4,60,36,0.6,349,9.7,2,22,28,5.8,2.4,23.3,0
121,Zach Ertz,PHI,30,TE,11,11,72,36,0.5,335,9.3,1,16,42,4.7,3.3,30.5,0
122,Leonard Fournette,TAM,25,,13,3,47,36,0.766,233,6.5,0,9,20,5,2.8,17.9,0
123,Antonio Gibson,WAS,22,RB,14,10,44,36,0.818,247,6.9,0,9,40,5.6,2.6,17.6,1
124,Jakeem Grant,MIA,28,,14,4,54,36,0.667,373,10.4,1,22,30,6.9,2.6,26.6,2
125,Jonathan Taylor,IND,21,RB,15,13,39,36,0.923,299,8.3,1,12,39,7.7,2.4,19.9,1
126,James Conner,PIT,25,RB,13,11,43,35,0.814,215,6.1,0,10,18,5,2.7,16.5,2
127,Gabriel Davis,BUF,21,WR,16,11,62,35,0.565,599,17.1,7,27,56,9.7,2.2,37.4,1
128,David Moore,SEA,25,WR,16,6,47,35,0.745,417,11.9,6,18,57,8.9,2.2,26.1,1
129,Golden Tate,NYG,32,,12,4,52,35,0.673,388,11.1,2,17,39,7.5,2.9,32.3,0
130,Tre'Quan Smith,NOR,24,WR,14,10,50,34,0.68,448,13.2,4,22,31,9,2.4,32,1
131,John Brown,BUF,30,WR,9,8,52,33,0.635,458,13.9,3,22,46,8.8,3.7,50.9,0
132,Keke Coutee,HOU,23,,8,4,40,33,0.825,400,12.1,3,19,64,10,4.1,50,4
133,N'Keal Harry,NWE,23,WR,14,9,57,33,0.579,309,9.4,2,15,30,5.4,2.4,22.1,1
134,Josh Jacobs*,LVR,22,RB,15,15,45,33,0.733,238,7.2,0,9,29,5.3,2.2,15.9,2
135,David Johnson,HOU,29,RB,12,12,46,33,0.717,314,9.5,2,16,32,6.8,2.8,26.2,2
136,Allen Lazard,GNB,25,wr,10,9,46,33,0.717,451,13.7,3,23,72,9.8,3.3,45.1,0
137,Jerick McKinnon,SFO,28,,16,4,46,33,0.717,253,7.7,1,12,26,5.5,2.1,15.8,0
138,Scott Miller,TAM,23,WR,16,5,53,33,0.623,501,15.2,3,20,48,9.5,2.1,31.3,0
139,Deebo Samuel,SFO,24,wr,7,5,44,33,0.75,391,11.8,1,19,35,8.9,4.7,55.9,0
140,Willie Snead,BAL,28,wr,13,8,48,33,0.688,432,13.1,3,23,34,9,2.5,33.2,1
141,Marquez Valdes-Scantling,GNB,26,WR,16,12,63,33,0.524,690,20.9,6,27,78,11,2.1,43.1,1
142,Melvin Gordon,DEN,27,RB,15,10,44,32,0.727,158,4.9,1,7,20,3.6,2.1,10.5,4
143,Cam Sims,WAS,24,WR,16,10,48,32,0.667,477,14.9,1,18,50,9.9,2,29.8,1
144,Mo Alie-Cox,IND,27,te,15,6,39,31,0.795,394,12.7,2,19,45,10.1,2.1,26.3,1
145,Dan Arnold,ARI,25,te,16,5,45,31,0.689,438,14.1,4,24,59,9.7,1.9,27.4,2
146,Chris Herndon,NYJ,24,TE,16,13,45,31,0.689,287,9.3,3,17,26,6.4,1.9,17.9,2
147,Jalen Reagor,PHI,21,WR,11,11,54,31,0.574,396,12.8,1,19,55,7.3,2.8,36,2
148,Jamaal Williams,GNB,25,,14,3,35,31,0.886,236,7.6,1,11,29,6.7,2.2,16.9,0
149,KJ Hamler,DEN,21,,13,4,56,30,0.536,381,12.7,3,17,49,6.8,2.3,29.3,2
150,Isaiah McKenzie,BUF,25,wr,16,7,34,30,0.882,282,9.4,5,17,46,8.3,1.9,17.6,0
151,Breshad Perriman,NYJ,27,WR,12,12,60,30,0.5,505,16.8,3,20,53,8.4,2.5,42.1,0
152,Irv Smith Jr.,MIN,22,te,13,7,43,30,0.698,365,12.2,5,22,36,8.5,2.3,28.1,0
153,James Washington,PIT,24,WR,16,7,56,30,0.536,392,13.1,5,19,50,7,1.9,24.5,0
154,Kalen Ballage,2TM,25,,11,2,37,29,0.784,166,5.7,0,5,21,4.5,2.6,15.1,1
155,Lynn Bowden Jr.,MIA,23,,10,4,37,28,0.757,211,7.5,0,13,22,5.7,2.8,21.1,0
156,Cameron Brate,TAM,29,,16,1,34,28,0.824,282,10.1,2,17,25,8.3,1.8,17.6,0
157,Trey Burton,IND,29,,13,4,47,28,0.596,250,8.9,3,14,20,5.3,2.2,19.2,0
158,Isaiah Ford,MIA,24,,10,1,44,28,0.636,276,9.9,0,18,18,6.3,2.8,27.6,0
159,Jalen Guyton,LAC,23,WR,16,9,55,28,0.509,511,18.3,3,18,72,9.3,1.8,31.9,0
160,Duke Johnson,HOU,27,rb,11,5,35,28,0.8,249,8.9,1,8,48,7.1,2.5,22.6,3
161,Ronald Jones II,TAM,23,RB,14,13,42,28,0.667,165,5.9,1,2,37,3.9,2,11.8,2
162,Cole Kmet,CHI,21,TE,16,9,44,28,0.636,243,8.7,2,12,38,5.5,1.8,15.2,1
163,James O'Shaughnessy,JAX,28,TE,15,13,38,28,0.737,262,9.4,0,12,26,6.9,1.9,17.5,0
164,Tony Pollard,DAL,23,,16,2,40,28,0.7,193,6.9,1,9,30,4.8,1.8,12.1,0
165,Kyle Rudolph,MIN,31,TE,12,12,37,28,0.757,334,11.9,1,16,25,9,2.3,27.8,1
166,Miles Sanders,PHI,23,RB,12,11,52,28,0.538,197,7,0,8,28,3.8,2.3,16.4,4
167,Steven Sims,WAS,23,,12,2,37,27,0.73,265,9.8,1,13,30,7.2,2.3,22.1,4
168,Isaiah Wright,WAS,23,wr,14,6,35,27,0.771,197,7.3,0,10,22,5.6,1.9,14.1,3
169,Jordan Reed,SFO,30,,10,1,46,26,0.565,231,8.9,4,16,26,5,2.6,23.1,0
170,Henry Ruggs III,LVR,21,WR,13,12,43,26,0.605,452,17.4,2,13,72,10.5,2,34.8,2
171,Durham Smythe,MIA,25,TE,15,13,29,26,0.897,208,8,2,13,19,7.2,1.7,13.9,0
172,Rex Burkhead,NWE,30,,10,0,33,25,0.758,192,7.7,3,11,24,5.8,2.5,19.2,0
173,Kenyan Drake,ARI,26,RB,15,13,31,25,0.806,137,5.5,0,5,18,4.4,1.7,9.1,3
174,Todd Gurley,ATL,26,RB,15,15,35,25,0.714,164,6.6,0,7,26,4.7,1.7,10.9,2
175,Brian Hill,ATL,25,,16,1,30,25,0.833,199,8,0,7,26,6.6,1.6,12.4,2
176,Jacob Hollister,SEA,27,te,16,5,40,25,0.625,209,8.4,3,14,20,5.2,1.6,13.1,0
177,Boston Scott,PHI,25,,16,4,36,25,0.694,212,8.5,1,8,18,5.9,1.6,13.3,2
178,Harrison Bryant,CLE,22,TE,15,9,38,24,0.632,238,9.9,3,14,35,6.3,1.6,15.9,2
179,Will Dissly,SEA,24,te,16,12,29,24,0.828,251,10.5,2,12,28,8.7,1.5,15.7,0
180,Dawson Knox,BUF,24,TE,12,7,44,24,0.545,288,12,3,14,36,6.5,2,24,2
181,Greg Olsen,SEA,35,TE,11,8,37,24,0.649,239,10,1,16,22,6.5,2.2,21.7,0
182,Richard Rodgers,PHI,28,,14,4,31,24,0.774,345,14.4,2,16,33,11.1,1.7,24.6,0
183,Odell Beckham Jr.,CLE,28,WR,7,7,43,23,0.535,319,13.9,3,17,43,7.4,3.3,45.6,0
184,Malcolm Brown,LAR,27,,16,0,33,23,0.697,162,7,0,9,30,4.9,1.4,10.1,1
185,Jack Doyle,IND,30,TE,14,12,33,23,0.697,251,10.9,3,13,28,7.6,1.6,17.9,1
186,DaeSean Hamilton,DEN,25,,16,2,44,23,0.523,293,12.7,2,16,40,6.7,1.4,18.3,1
187,Adam Humphries,TEN,27,,7,1,35,23,0.657,228,9.9,2,11,23,6.5,3.3,32.6,0
188,Richie James,SFO,25,WR,11,7,35,23,0.657,394,17.1,1,15,47,11.3,2.1,35.8,2
189,Joshua Kelley,LAC,23,,14,0,23,23,1,148,6.4,0,9,35,6.4,1.6,10.6,2
190,Denzel Mims,NYJ,23,WR,9,8,44,23,0.523,357,15.5,0,15,30,8.1,2.6,39.7,0
191,Latavius Murray,NOR,30,rb,15,7,26,23,0.885,176,7.7,1,8,25,6.8,1.5,11.7,1
192,Marquez Callaway,NOR,22,,11,3,27,21,0.778,213,10.1,0,10,27,7.9,1.9,19.4,0
193,Julian Edelman,NWE,34,,6,1,39,21,0.538,315,15,0,18,49,8.1,3.5,52.5,0
194,Darren Fells,HOU,34,TE,16,14,28,21,0.75,312,14.9,4,16,44,11.1,1.3,19.5,0
195,Wayne Gallman,NYG,26,RB,15,10,27,21,0.778,114,5.4,0,6,19,4.2,1.4,7.6,1
196,Andy Isabella,ARI,24,,13,2,35,21,0.6,224,10.7,2,10,54,6.4,1.6,17.2,1
197,Joe Mixon,CIN,24,rb,6,6,26,21,0.808,138,6.6,1,5,19,5.3,3.5,23,1
198,Cordarrelle Patterson*+,CHI,29,,16,3,25,21,0.84,132,6.3,0,7,25,5.3,1.3,8.3,0
199,Chad Beebe,MIN,26,,14,0,30,20,0.667,201,10.1,2,12,40,6.7,1.4,14.4,2
200,Quintez Cephus,DET,22,,13,2,35,20,0.571,349,17.5,2,16,49,10,1.5,26.8,0
201,Devin Duvernay,BAL,23,,16,3,26,20,0.769,201,10.1,0,8,39,7.7,1.3,12.6,0
202,Kenny Golladay,DET,27,WR,5,5,32,20,0.625,338,16.9,2,16,48,10.6,4,67.6,0
203,Deonte Harris,NOR,23,,9,2,25,20,0.8,186,9.3,1,10,40,7.4,2.2,20.7,3
204,Tyron Johnson,LAC,24,,12,0,26,20,0.769,398,19.9,3,15,55,15.3,1.7,33.2,0
205,Ray-Ray McCloud,PIT,24,,16,2,22,20,0.909,77,3.9,0,3,13,3.5,1.3,4.8,2
206,Ian Thomas,CAR,24,te,16,8,31,20,0.645,145,7.3,1,11,21,4.7,1.3,9.1,1
207,Chris Thompson,JAX,30,,8,0,23,20,0.87,146,7.3,1,5,15,6.3,2.5,18.3,0
208,Olamide Zaccheaus,ATL,23,,11,2,32,20,0.625,274,13.7,1,16,51,8.6,1.8,24.9,0
209,Miles Boykin,BAL,24,WR,16,13,33,19,0.576,266,14,4,14,43,8.1,1.2,16.6,0
210,Tyler Conklin,MIN,25,,16,2,26,19,0.731,194,10.2,1,11,30,7.5,1.2,12.1,1
211,Ross Dwelley,SFO,25,te,16,9,24,19,0.792,245,12.9,1,10,36,10.2,1.2,15.3,0
212,Derrick Henry *+,TEN,26,RB,16,16,31,19,0.613,114,6,0,4,53,3.7,1.2,7.1,3
213,Justin Jackson,LAC,24,,9,4,24,19,0.792,173,9.1,0,7,34,7.2,2.1,19.2,0
214,Van Jefferson,LAR,24,,16,0,31,19,0.613,220,11.6,1,11,31,7.1,1.2,13.8,1
215,Kerryon Johnson,DET,23,,16,2,26,19,0.731,187,9.8,1,11,20,7.2,1.2,11.7,1
216,Kyle Juszczyk*,SFO,29,FB,16,15,29,19,0.655,202,10.6,4,10,41,7,1.2,12.6,1
217,Dion Lewis,NYG,30,,16,0,30,19,0.633,127,6.7,1,8,17,4.2,1.2,7.9,3
218,David Njoku,CLE,24,te,13,5,29,19,0.655,213,11.2,2,13,28,7.3,1.5,16.4,0
219,Jalen Richard,LVR,27,,13,0,23,19,0.826,138,7.3,0,5,19,6,1.5,10.6,1
220,J.K. Dobbins,BAL,22,,15,1,24,18,0.75,120,6.7,0,4,19,5,1.2,8,2
221,Marvin Hall,2TM,27,,12,6,32,18,0.563,302,16.8,2,10,73,9.4,1.5,25.2,0
222,Dontrelle Inman,WAS,31,,10,2,28,18,0.643,163,9.1,2,11,17,5.8,1.8,16.3,1
223,Collin Johnson,JAX,23,,14,0,31,18,0.581,272,15.1,2,12,46,8.8,1.3,19.4,0
224,Kaden Smith,NYG,23,TE,15,12,21,18,0.857,112,6.2,0,7,16,5.3,1.2,7.5,1
225,Darrel Williams,KAN,25,,16,0,26,18,0.692,116,6.4,0,6,15,4.5,1.1,7.3,0
226,Preston Williams,MIA,23,WR,8,7,35,18,0.514,288,16,4,14,47,8.2,2.3,36,0
227,Devontae Booker,LVR,28,,16,1,21,17,0.81,84,4.9,0,2,17,4,1.1,5.3,1
228,DeeJay Dallas,SEA,22,,12,2,20,17,0.85,111,6.5,1,5,13,5.6,1.4,9.3,0
229,Chad Hansen,HOU,25,,5,2,24,17,0.708,236,13.9,1,11,38,9.8,3.4,47.2,0
230,Christian McCaffrey,CAR,24,,3,3,19,17,0.895,149,8.8,1,8,24,7.8,5.7,49.7,0
231,Mohamed Sanu,2TM,31,,10,4,24,17,0.708,187,11,1,13,21,7.8,1.7,18.7,0
232,Ito Smith,ATL,25,,14,0,26,17,0.654,75,4.4,0,3,17,2.9,1.2,5.4,1
233,Jeff Smith,NYJ,23,,12,4,37,17,0.459,167,9.8,0,9,21,4.5,1.4,13.9,0
234,Cedrick Wilson Jr.,DAL,25,,16,0,28,17,0.607,189,11.1,2,10,42,6.8,1.1,11.8,0
235,Le'Veon Bell,2TM,28,,11,4,20,16,0.8,138,8.6,0,7,30,6.9,1.5,12.5,1
236,Nick Chubb*,CLE,25,RB,12,12,18,16,0.889,150,9.4,0,6,26,8.3,1.3,12.5,1
237,Frank Gore,NYJ,37,RB,15,14,19,16,0.842,89,5.6,0,3,9,4.7,1.1,5.9,1
238,Darrell Henderson,LAR,23,RB,15,11,24,16,0.667,159,9.9,1,8,28,6.6,1.1,10.6,0
239,Mack Hollins,MIA,27,,16,2,25,16,0.64,176,11,1,7,34,7,1,11,1
240,Carlos Hyde,SEA,30,,10,1,20,16,0.8,93,5.8,0,4,18,4.7,1.6,9.3,1
241,Ty Johnson,2TM,23,,13,1,21,16,0.762,99,6.2,1,6,18,4.7,1.2,7.6,0
242,Raheem Mostert,SFO,28,RB,8,8,19,16,0.842,156,9.8,1,5,76,8.2,2,19.5,1
243,KeeSean Johnson,ARI,24,,8,1,23,15,0.652,173,11.5,0,7,45,7.5,1.9,21.6,0
244,LeSean McCoy,TAM,32,,10,0,19,15,0.789,101,6.7,0,3,15,5.3,1.5,10.1,0
245,Vance McDonald,PIT,30,TE,14,12,20,15,0.75,99,6.6,0,4,15,5,1.1,7.1,0
246,Adam Trautman,NOR,23,te,15,6,16,15,0.938,171,11.4,1,9,41,10.7,1,11.4,0
247,Nick Boyle,BAL,27,TE,9,9,17,14,0.824,113,8.1,2,8,21,6.6,1.6,12.6,0
248,Noah Brown,DAL,24,,16,1,24,14,0.583,154,11,0,6,20,6.4,0.9,9.6,0
249,Pharaoh Brown,HOU,26,TE,13,9,16,14,0.875,163,11.6,2,9,29,10.2,1.1,12.5,0
250,Chris Hogan,NYJ,33,,5,4,26,14,0.538,118,8.4,0,6,27,4.5,2.8,23.6,0
251,DeSean Jackson,PHI,34,wr,5,5,26,14,0.538,236,16.9,1,10,81,9.1,2.8,47.2,0
252,Jesse James,DET,26,TE,16,7,22,14,0.636,129,9.2,2,6,31,5.9,0.9,8.1,0
253,Marcus Johnson,IND,26,,11,3,28,14,0.5,255,18.2,0,11,55,9.1,1.3,23.2,0
254,Olabisi Johnson,MIN,23,,16,3,19,14,0.737,189,13.5,0,9,29,9.9,0.9,11.8,0
255,Zay Jones,LVR,25,,16,2,20,14,0.7,154,11,1,6,37,7.7,0.9,9.6,0
256,Zack Moss,BUF,23,,13,0,18,14,0.778,95,6.8,1,5,20,5.3,1.1,7.3,0
257,Donovan Peoples-Jones,CLE,21,,12,2,20,14,0.7,304,21.7,2,10,75,15.2,1.2,25.3,0
258,Auden Tate,CIN,23,,9,2,22,14,0.636,150,10.7,0,9,19,6.8,1.6,16.7,0
259,Nick Vannett,DEN,27,TE,15,11,21,14,0.667,95,6.8,1,6,19,4.5,0.9,6.3,0
260,Jamal Agnew,DET,25,,14,2,20,13,0.65,89,6.8,0,4,20,4.5,0.9,6.4,2
261,Christian Blake,ATL,24,,16,0,18,13,0.722,141,10.8,0,6,25,7.8,0.8,8.8,0
262,Ryan Izzo,NWE,25,TE,12,12,20,13,0.65,199,15.3,0,6,50,10,1.1,16.6,1
263,Alexander Mattison,MIN,22,,13,2,15,13,0.867,125,9.6,1,5,28,8.3,1,9.6,0
264,Byron Pringle,KAN,27,,13,3,17,13,0.765,160,12.3,1,9,37,9.4,1,12.3,0
265,Freddie Swain,SEA,22,,16,1,21,13,0.619,159,12.2,2,6,23,7.6,0.8,9.9,0
266,Mike Thomas,CIN,26,,14,0,21,13,0.619,132,10.2,1,7,29,6.3,0.9,9.4,1
267,Jeff Wilson,SFO,25,,12,3,28,13,0.464,133,10.2,3,8,21,4.8,1.1,11.1,2
268,Jason Witten,LVR,38,TE,16,7,17,13,0.765,69,5.3,2,8,15,4.1,0.8,4.3,0
269,Cameron Batson,TEN,25,,12,1,13,12,0.923,100,8.3,1,7,18,7.7,1,8.3,1
270,Alex Erickson,CIN,28,,16,2,17,12,0.706,139,11.6,0,5,42,8.2,0.8,8.7,2
271,Royce Freeman,DEN,24,,16,0,13,12,0.923,81,6.8,0,4,28,6.2,0.8,5.1,0
272,Alec Ingold,LVR,24,,16,4,17,12,0.706,110,9.2,1,9,23,6.5,0.8,6.9,0
273,Tyler Johnson,TAM,22,,14,3,17,12,0.706,169,14.1,2,9,35,9.9,0.9,12.1,0
274,Tyler Kroft,BUF,28,,10,4,16,12,0.75,119,9.9,3,9,38,7.4,1.2,11.9,0
275,Jeremy McNichols,TEN,25,,16,0,17,12,0.706,55,4.6,0,0,9,3.2,0.8,3.4,0
276,Adrian Peterson,DET,35,RB,16,10,18,12,0.667,101,8.4,0,4,23,5.6,0.8,6.3,0
277,Brandon Powell,ATL,25,,15,1,18,12,0.667,69,5.8,2,5,13,3.8,0.8,4.6,2
278,Adam Shaheen,MIA,26,te,16,5,22,12,0.545,150,12.5,3,9,43,6.8,0.8,9.4,0
279,Jace Sternberger,GNB,24,,12,0,15,12,0.8,114,9.5,1,6,27,7.6,1,9.5,0
280,Jordan Wilkins,IND,26,,15,0,16,12,0.75,105,8.8,0,3,24,6.6,0.8,7,0
281,Salvon Ahmed,MIA,22,,6,4,14,11,0.786,61,5.5,0,2,13,4.4,1.8,10.2,0
282,Cam Akers,LAR,21,,13,5,14,11,0.786,123,11.2,1,4,38,8.8,0.8,9.5,1
283,Blake Bell,DAL,29,,16,2,15,11,0.733,110,10,0,7,24,7.3,0.7,6.9,0
284,C.J. Board,NYG,27,,14,4,16,11,0.688,101,9.2,0,6,16,6.3,0.8,7.2,0
285,Bryan Edwards,LVR,22,,12,3,15,11,0.733,193,17.5,1,9,34,12.9,0.9,16.1,0
286,Tyler Ervin,GNB,27,,8,0,15,11,0.733,84,7.6,0,6,24,5.6,1.4,10.5,0
287,KhaDarel Hodge,CLE,25,,9,0,17,11,0.647,180,16.4,0,11,42,10.6,1.2,20,0
288,O.J. Howard,TAM,26,,4,1,19,11,0.579,146,13.3,2,8,33,7.7,2.8,36.5,0
289,Albert Okwuegbunam,DEN,22,,4,0,15,11,0.733,121,11,1,6,27,8.1,2.8,30.3,0
290,La'Mical Perine,NYJ,22,,10,0,15,11,0.733,63,5.7,0,3,14,4.2,1.1,6.3,0
291,Samaje Perine,CIN,25,,16,1,12,11,0.917,66,6,0,4,15,5.5,0.7,4.1,0
292,Keith Smith,ATL,28,FB,16,7,15,11,0.733,59,5.4,0,4,13,3.9,0.7,3.7,0
293,Kenny Stills,HOU,28,,10,0,19,11,0.579,144,13.1,1,8,24,7.6,1.1,14.4,0
294,De'Michael Harris,IND,22,,7,0,10,10,1,79,7.9,0,3,21,7.9,1.4,11.3,0
295,John Hightower,PHI,24,,13,4,29,10,0.345,167,16.7,0,5,59,5.8,0.8,12.8,0
296,Patrick Laird,MIA,25,,16,0,12,10,0.833,68,6.8,0,3,17,5.7,0.6,4.3,1
297,Marcedes Lewis,GNB,36,TE,15,15,17,10,0.588,107,10.7,3,6,36,6.3,0.7,7.1,0
298,Dare Ogunbowale,JAX,26,,14,2,20,10,0.5,54,5.4,0,4,12,2.7,0.7,3.9,0
299,Donald Parham,LAC,23,te,13,5,20,10,0.5,159,15.9,3,8,26,8,0.8,12.2,0
300,Benny Snell Jr.,PIT,22,,16,3,14,10,0.714,61,6.1,0,3,14,4.4,0.6,3.8,2
301,Trent Taylor,SFO,26,,12,1,21,10,0.476,86,8.6,0,5,29,4.1,0.8,7.2,0
302,Matt Breida,MIA,25,,12,1,10,9,0.9,96,10.7,0,5,31,9.6,0.8,8,2
303,Gus Edwards,BAL,25,rb,16,6,13,9,0.692,129,14.3,0,4,34,9.9,0.6,8.1,1
304,Ryan Griffin,NYJ,30,te,15,6,12,9,0.75,86,9.6,0,4,23,7.2,0.6,5.7,0
305,Travis Homer,SEA,22,,9,0,10,9,0.9,90,10,1,4,50,9,1,10,0
306,Devine Ozigbo,JAX,24,,8,0,9,9,1,42,4.7,0,3,12,4.7,1.1,5.3,0
307,Malcolm Perry,MIA,23,,9,2,13,9,0.692,92,10.2,1,4,25,7.1,1,10.2,1
308,Kalif Raymond,TEN,26,,15,3,15,9,0.6,187,20.8,0,7,61,12.5,0.6,12.5,0
309,Patrick Ricard*,BAL,26,FB,15,10,12,9,0.75,45,5,1,3,11,3.8,0.6,3,1
310,Jaylen Samuels,PIT,24,,14,1,14,9,0.643,46,5.1,0,2,12,3.3,0.6,3.3,0
311,Rodney Smith,CAR,24,,7,1,11,9,0.818,59,6.6,0,1,12,5.4,1.3,8.4,1
312,Geoff Swaim,TEN,27,wr,10,8,12,9,0.75,83,9.2,1,6,16,6.9,0.9,8.3,0
313,Ameer Abdullah,MIN,27,,16,0,9,8,0.889,58,7.3,2,4,22,6.4,0.5,3.6,0
314,Stephen Anderson,LAC,27,,16,3,11,8,0.727,106,13.3,0,7,23,9.6,0.5,6.6,0
315,Darrell Daniels,ARI,26,te,12,8,11,8,0.727,92,11.5,1,4,31,8.4,0.7,7.7,0
316,Troy Fumagalli,DEN,25,,8,0,15,8,0.533,80,10,1,6,29,5.3,1,10,0
317,C.J. Ham,MIN,27,FB,15,11,13,8,0.615,97,12.1,1,6,30,7.5,0.5,6.5,0
318,Josh Hill,NOR,30,te,14,7,10,8,0.8,46,5.8,1,4,16,4.6,0.6,3.3,1
319,Taysom Hill,NOR,30,wr,16,8,12,8,0.667,98,12.3,1,4,21,8.2,0.5,6.1,10
320,Jakob Johnson,NWE,26,FB,16,11,9,8,0.889,35,4.4,1,3,12,3.9,0.5,2.2,1
321,Ryan Nall,CHI,25,,16,0,9,8,0.889,67,8.4,1,5,18,7.4,0.5,4.2,0
322,Troymaine Pope,LAC,27,,6,0,10,8,0.8,42,5.3,0,1,11,4.2,1.3,7,0
323,C.J. Uzomah,CIN,27,,2,2,11,8,0.727,87,10.9,1,6,23,7.9,4,43.5,0
324,Maxx Williams,ARI,26,TE,9,8,10,8,0.8,102,12.8,1,4,42,10.2,0.9,11.3,0
325,Devonta Freeman,NYG,28,,5,4,10,7,0.7,58,8.3,0,1,18,5.8,1.4,11.6,0
326,Demetrius Harris,CHI,29,te,15,5,14,7,0.5,45,6.4,0,2,9,3.2,0.5,3,0
327,Jamycal Hasty,SFO,24,,8,0,8,7,0.875,33,4.7,0,0,16,4.1,0.9,4.1,1
328,K.J. Hill,LAC,23,,15,0,11,7,0.636,73,10.4,0,2,25,6.6,0.5,4.9,1
329,Phillip Lindsay,DEN,26,rb,11,8,14,7,0.5,28,4,0,1,11,2,0.6,2.5,0
330,Austin Mack,NYG,23,,11,1,11,7,0.636,91,13,0,5,50,8.3,0.6,8.3,0
331,Sony Michel,NWE,25,rb,9,6,9,7,0.778,114,16.3,1,5,31,12.7,0.8,12.7,0
332,Jaydon Mickens,TAM,26,,10,0,10,7,0.7,58,8.3,0,6,11,5.8,0.7,5.8,0
333,Foster Moreau,LVR,23,,16,2,9,7,0.778,140,20,2,5,47,15.6,0.4,8.8,0
334,Equanimeous St. Brown,GNB,24,,12,1,13,7,0.538,117,16.7,1,6,24,9,0.6,9.8,0
335,Luke Stocker,ATL,32,TE,16,13,11,7,0.636,63,9,0,4,25,5.7,0.4,3.9,0
336,Darwin Thompson,KAN,23,,14,1,11,7,0.636,65,9.3,1,3,37,5.9,0.5,4.6,0
337,Quez Watkins,PHI,22,,6,0,13,7,0.538,106,15.1,1,4,43,8.2,1.2,17.7,0
338,Justin Watson,TAM,24,,11,2,11,7,0.636,94,13.4,0,5,36,8.5,0.6,8.5,0
339,Deon Yelder,KAN,25,,14,1,11,7,0.636,36,5.1,0,2,12,3.3,0.5,2.6,0
340,Josh Adams,NYJ,24,,8,0,8,6,0.75,29,4.8,0,2,11,3.6,0.8,3.6,0
341,Saquon Barkley,NYG,23,,2,2,9,6,0.667,60,10,0,3,38,6.7,3,30,0
342,Dez Bryant,BAL,32,,6,0,11,6,0.545,47,7.8,2,3,16,4.3,1,7.8,0
343,Parris Campbell,IND,23,,2,2,9,6,0.667,71,11.8,0,4,21,7.9,3,35.5,0
344,Tyrie Cleveland,DEN,23,,10,0,9,6,0.667,63,10.5,0,4,17,7,0.6,6.3,0
345,Tarik Cohen,CHI,25,,3,0,9,6,0.667,41,6.8,0,1,20,4.6,2,13.7,0
346,River Cracraft,SFO,26,,9,1,9,6,0.667,41,6.8,0,2,12,4.6,0.7,4.6,0
347,Mark Ingram,BAL,31,RB,11,9,8,6,0.75,50,8.3,0,2,18,6.3,0.5,4.5,0
348,Alshon Jeffery,PHI,30,,7,2,13,6,0.462,115,19.2,1,5,39,8.8,0.9,16.4,0
349,Nick Keizer,KAN,25,,16,3,9,6,0.667,63,10.5,0,2,22,7,0.4,3.9,1
350,Chris Manhertz,CAR,28,TE,16,12,8,6,0.75,52,8.7,0,1,17,6.5,0.4,3.3,0
351,Anthony McFarland Jr.,PIT,21,,11,0,9,6,0.667,54,9,0,1,17,6,0.5,4.9,0
352,Laquon Treadwell,ATL,25,,5,0,7,6,0.857,49,8.2,2,4,14,7,1.2,9.8,0
353,Javon Wims,CHI,26,,13,1,12,6,0.5,48,8,1,4,13,4,0.5,3.7,0
354,Alex Armah,CAR,26,,16,1,9,5,0.556,18,3.6,0,1,14,2,0.3,1.1,0
355,Tavon Austin,GNB,30,,4,0,5,5,1,20,4,0,1,7,4,1.3,5,1
356,Ja'Marcus Bradley,CLE,24,,3,1,11,5,0.455,60,12,0,2,22,5.5,1.7,20,0
357,Cethan Carter,CIN,25,TE,15,5,7,5,0.714,53,10.6,0,3,24,7.6,0.3,3.5,0
358,Corey Clement,PHI,26,,15,0,6,5,0.833,25,5,0,2,12,4.2,0.3,1.7,0
359,Pharoh Cooper,CAR,25,,16,1,8,5,0.625,73,14.6,0,3,32,9.1,0.3,4.6,1
360,Damien Harris,NWE,23,RB,10,10,7,5,0.714,52,10.4,0,4,15,7.4,0.5,5.2,1
361,Justice Hill,BAL,23,,12,0,5,5,1,20,4,0,0,8,4,0.4,1.7,0
362,Steven Mitchell,HOU,26,,6,1,8,5,0.625,60,12,0,3,20,7.5,0.8,10,0
363,Gabe Nabers,LAC,23,fb,16,5,7,5,0.714,25,5,2,2,9,3.6,0.3,1.6,0
364,Gunner Olszewski+,NWE,24,,13,2,5,5,1,62,12.4,1,3,38,12.4,0.4,4.8,1
365,C.J. Prosise,HOU,26,,10,0,5,5,1,18,3.6,1,1,10,3.6,0.5,1.8,1
366,MyCole Pruitt,TEN,28,,11,4,8,5,0.625,49,9.8,2,4,22,6.1,0.5,4.5,0
367,Theo Riddick,LVR,29,,4,0,6,5,0.833,43,8.6,0,1,15,7.2,1.3,10.8,0
368,Darrius Shepherd,GNB,25,,8,0,8,5,0.625,46,9.2,0,1,19,5.8,0.6,5.8,1
369,Trent Sherfield,ARI,24,,15,1,7,5,0.714,50,10,0,2,26,7.1,0.3,3.3,0
370,Malik Taylor,GNB,25,,15,1,6,5,0.833,66,13.2,1,4,26,11,0.3,4.4,0
371,Levine Toilolo,NYG,29,,16,2,6,5,0.833,46,9.2,0,3,14,7.7,0.3,2.9,0
372,Ke'Shawn Vaughn,TAM,23,,10,0,10,5,0.5,34,6.8,1,2,13,3.4,0.5,3.4,1
373,DeAndre Washington,2TM,27,,4,1,10,5,0.5,30,6,0,2,10,3,1.3,7.5,0
374,Trayveon Williams,CIN,23,,10,0,5,5,1,30,6,0,1,13,6,0.5,3,1
375,JJ Arcega-Whiteside,PHI,24,,8,0,8,4,0.5,85,21.3,0,4,37,10.6,0.5,10.6,0
376,Peyton Barber,WAS,26,,16,2,7,4,0.571,12,3,0,1,7,1.7,0.3,0.8,0
377,Khari Blasingame,TEN,24,FB,15,7,5,4,0.8,39,9.8,0,2,16,7.8,0.3,2.6,0
378,Michael Burton,NOR,28,FB,15,4,4,4,1,28,7,0,1,12,7,0.3,1.9,0
379,Tevin Coleman,SFO,27,,8,1,5,4,0.8,34,8.5,0,2,18,6.8,0.5,4.3,0
380,Juwan Johnson,NOR,24,,7,4,10,4,0.4,39,9.8,0,3,19,3.9,0.6,5.6,0
381,Josh Malone,NYJ,24,,4,0,6,4,0.667,16,4,0,1,13,2.7,1,4,0
382,Johnny Mundt,LAR,26,,16,1,4,4,1,53,13.3,0,1,34,13.3,0.3,3.3,0
383,Dante Pettis,2TM,25,,7,1,6,4,0.667,76,19,1,3,33,12.7,0.6,10.9,1
384,Damion Ratley,NYG,25,,5,0,10,4,0.4,63,15.8,0,2,29,6.3,0.8,12.6,1
385,Riley Ridley,CHI,24,,5,1,4,4,1,39,9.8,0,3,18,9.8,0.8,7.8,0
386,Andre Roberts*,BUF,32,,15,0,5,4,0.8,34,8.5,0,2,16,6.8,0.3,2.3,3
387,Seth Roberts,CAR,29,,7,1,6,4,0.667,31,7.8,0,2,12,5.2,0.6,4.4,0
388,Lee Smith,BUF,33,,10,2,6,4,0.667,35,8.8,2,3,27,5.8,0.4,3.5,0
389,Jonathan Williams,DET,26,,5,0,4,4,1,21,5.3,0,2,10,5.3,0.8,4.2,1
390,Deontay Burnett,PHI,23,,2,0,4,3,0.75,19,6.3,0,1,10,4.8,1.5,9.5,0
391,Trenton Cannon,CAR,26,,14,0,3,3,1,16,5.3,0,1,19,5.3,0.2,1.1,0
392,Austin Carr,NOR,27,,6,0,4,3,0.75,27,9,1,3,11,6.8,0.5,4.5,0
393,Ashton Dulin,IND,23,,13,0,6,3,0.5,53,17.7,0,2,34,8.8,0.2,4.1,1
394,Ted Ginn Jr.,CHI,35,,6,0,6,3,0.5,40,13.3,0,1,29,6.7,0.5,6.7,1
395,Terry Godwin,JAX,24,,3,0,6,3,0.5,32,10.7,0,2,21,5.3,1,10.7,0
396,Jaeden Graham,ATL,25,,16,0,5,3,0.6,25,8.3,0,1,11,5,0.2,1.6,0
397,Virgil Green,LAC,32,,6,3,6,3,0.5,50,16.7,1,2,26,8.3,0.5,8.3,0
398,Tanner Hudson,TAM,26,,11,0,7,3,0.429,41,13.7,0,3,20,5.9,0.3,3.7,0
399,Lil'Jordan Humphrey,NOR,22,,3,1,5,3,0.6,46,15.3,1,3,17,9.2,1,15.3,0
400,D'Ernest Johnson,CLE,24,,16,0,4,3,0.75,14,4.7,0,0,5,3.5,0.2,0.9,1
401,Dalton Keene,NWE,21,,6,0,5,3,0.6,16,5.3,0,0,8,3.2,0.5,2.7,1
402,Marlon Mack,IND,24,,1,1,3,3,1,30,10,0,1,19,10,3,30,0
403,Ty Montgomery,NOR,27,,6,1,6,3,0.5,27,9,0,1,17,4.5,0.5,4.5,0
404,Alfred Morris,NYG,32,,9,0,4,3,0.75,19,6.3,1,2,9,4.8,0.3,2.1,0
405,Eric Saubert,JAX,26,,8,4,4,3,0.75,16,5.3,0,0,9,4,0.4,2,0
406,Diontae Spencer,DEN,28,,11,0,6,3,0.5,26,8.7,0,1,10,4.3,0.3,2.4,2
407,Courtland Sutton,DEN,25,,1,1,6,3,0.5,66,22,0,2,45,11,3,66,0
408,Kahale Warring,HOU,23,,7,0,7,3,0.429,35,11.7,0,2,23,5,0.4,5,0
409,Nick Westbrook-Ikhine,TEN,23,,14,1,8,3,0.375,33,11,0,3,19,4.1,0.2,2.4,0
410,Charlie Woerner,SFO,23,,14,0,4,3,0.75,36,12,0,2,18,9,0.2,2.6,0
411,Brandon Zylstra,CAR,27,,16,2,4,3,0.75,35,11.7,0,3,28,8.8,0.2,2.2,0
412,Devin Asiasi,NWE,23,,9,3,7,2,0.286,39,19.5,1,2,26,5.6,0.2,4.3,0
413,Reggie Bonnafon,CAR,24,,2,0,2,2,1,18,9,1,2,15,9,1,9,0
414,Mike Boone,MIN,25,,16,0,2,2,1,10,5,0,0,6,5,0.1,0.6,0
415,Daniel Brown,NYJ,28,,16,1,2,2,1,31,15.5,0,2,18,15.5,0.1,1.9,0
416,Jake Butt,DEN,25,,5,1,4,2,0.5,5,2.5,0,0,5,1.3,0.4,1,0
417,Jason Cabinda,DET,24,,16,2,3,2,0.667,8,4,0,1,4,2.7,0.1,0.5,0
418,Lawrence Cager,NYJ,23,,2,1,6,2,0.333,35,17.5,0,2,19,5.8,1,17.5,0
419,Antonio Callaway,MIA,23,,5,1,4,2,0.5,20,10,0,1,13,5,0.4,4,0
420,Chandler Cox,MIA,24,,8,3,2,2,1,9,4.5,0,1,6,4.5,0.3,1.1,0
421,Dominique Dafney,GNB,23,,5,2,2,2,1,26,13,1,2,13,13,0.4,5.2,0
422,AJ Dillon,GNB,22,,11,0,2,2,1,21,10.5,0,1,16,10.5,0.2,1.9,0
423,Darrynton Evans,TEN,22,,5,0,4,2,0.5,27,13.5,1,2,24,6.8,0.4,5.4,0
424,Robert Foster,WAS,26,,4,2,6,2,0.333,37,18.5,0,2,28,6.2,0.5,9.3,0
425,Daurice Fountain,IND,25,,5,0,3,2,0.667,23,11.5,0,2,12,7.7,0.4,4.6,0
426,Bennie Fowler,NOR,29,,5,0,6,2,0.333,11,5.5,0,1,7,1.8,0.4,2.2,0
427,Reggie Gilliam,BUF,23,,14,0,2,2,1,16,8,1,2,15,8,0.1,1.1,0
428,Andy Janovich,CLE,27,,14,3,5,2,0.4,13,6.5,0,1,13,2.6,0.1,0.9,0
429,Lamar Miller,CHI,29,,1,0,2,2,1,6,3,0,1,7,3,2,6,0
430,Cam Newton,NWE,31,QB,15,15,2,2,1,35,17.5,1,2,19,17.5,0.1,2.3,6
431,Colby Parkinson,SEA,21,,6,0,2,2,1,16,8,0,2,10,8,0.3,2.7,0
432,Elijhaa Penny,NYG,27,,14,0,3,2,0.667,20,10,0,1,11,6.7,0.1,1.4,0
433,John Ross,CIN,25,,3,1,7,2,0.286,17,8.5,0,1,15,2.4,0.7,5.7,0
434,Isaiah Zuber,NWE,23,,4,0,2,2,1,29,14.5,0,1,16,14.5,0.5,7.3,0
435,Josh Allen*,BUF,24,QB,16,16,1,1,1,12,12,1,1,12,12,0.1,0.8,9
436,Marcus Baugh,WAS,26,,8,1,1,1,1,2,2,0,0,2,2,0.1,0.3,0
437,LeVante Bellamy,DEN,24,,5,0,1,1,1,5,5,0,0,5,5,0.2,1,0
438,Nick Bellore*,SEA,31,,16,0,1,1,1,9,9,0,1,9,9,0.1,0.6,0
439,Hunter Bryant,DET,22,,5,0,3,1,0.333,44,44,0,1,44,14.7,0.2,8.8,0
440,Stephen Carlson,CLE,24,,16,2,2,1,0.5,11,11,0,1,11,5.5,0.1,0.7,0
441,Derek Carrier,LVR,30,,16,0,1,1,1,14,14,0,1,14,14,0.1,0.9,0
442,DeAndre Carter,2TM,27,,13,0,2,1,0.5,8,8,0,0,8,4,0.1,0.6,2
443,Alex Collins,SEA,26,,3,1,2,1,0.5,4,4,0,0,4,2,0.3,1.3,0
444,Jason Croom,PHI,26,,4,0,1,1,1,3,3,1,1,3,3,0.3,0.8,0
445,Andy Dalton,DAL,33,QB,11,9,1,1,1,-3,-3,0,0,-3,-3,0.1,-0.3,2
446,Josiah Deguara,GNB,23,,2,1,2,1,0.5,12,12,0,1,12,6,0.5,6,0
447,Gehrig Dieter,KAN,27,,4,0,2,1,0.5,10,10,0,1,10,5,0.3,2.5,0
448,Brandon Dillon,MIN,23,,3,0,1,1,1,6,6,0,0,6,6,0.3,2,0
449,Ben Ellefson,JAX,24,,7,4,4,1,0.25,10,10,0,1,10,2.5,0.1,1.4,0
450,Eric Fisher*,KAN,29,LT,15,15,1,1,1,2,2,1,1,2,2,0.1,0.1,0
451,Ryan Fitzpatrick,MIA,38,qb,9,7,1,1,1,0,0,0,0,0,0,0.1,0,2
452,D'Onta Foreman,TEN,24,,6,0,1,1,1,5,5,1,1,5,5,0.2,0.8,0
453,D.J. Foster,ARI,27,,10,0,1,1,1,7,7,0,1,7,7,0.1,0.7,0
454,Antonio Gandy-Golden,WAS,22,,6,2,7,1,0.143,3,3,0,0,3,0.4,0.2,0.5,0
455,Cullen Gillaspia,HOU,25,,7,0,1,1,1,6,6,0,0,6,6,0.1,0.9,0
456,Penny Hart,SEA,24,,13,0,1,1,1,3,3,0,0,3,3,0.1,0.2,0
457,Temarrick Hemingway,WAS,27,,8,0,2,1,0.5,10,10,0,1,10,5,0.1,1.3,0
458,Dontrell Hilliard,2TM,25,,7,0,1,1,1,2,2,0,0,2,2,0.1,0.3,0
459,Cody Hollister,TEN,27,,2,0,1,1,1,12,12,0,1,12,12,0.5,6,0
460,Jordan Howard,2TM,26,,7,4,1,1,1,-3,-3,0,0,0,-3,0.1,-0.4,1
461,Buddy Howell,HOU,24,,14,0,2,1,0.5,3,3,0,0,3,1.5,0.1,0.2,0
462,Jason Huntley,PHI,22,,5,0,2,1,0.5,0,0,0,0,0,0,0.2,0,0
463,Jalen Hurts,PHI,22,,15,4,1,1,1,3,3,0,0,3,3,0.1,0.2,9
464,Trenton Irwin,CIN,25,,1,0,2,1,0.5,5,5,0,0,5,2.5,1,5,0
465,Blake Jarwin,DAL,26,,1,1,1,1,1,12,12,0,1,12,12,1,12,0
466,Marcus Kemp,2TM,25,,11,0,1,1,1,11,11,0,1,11,11,0.1,1,0
467,Adrian Killins,PHI,22,,1,0,1,1,1,2,2,0,0,2,2,1,2,0
468,Keith Kirkwood,CAR,26,,1,0,2,1,0.5,13,13,0,0,13,6.5,1,13,0
469,Jake Kumerow,BUF,28,,6,0,1,1,1,22,22,1,1,22,22,0.2,3.7,0
470,Kendall Lamm,CLE,28,,15,1,1,1,1,1,1,1,1,1,1,0.1,0.1,0
471,Tommylee Lewis,NOR,28,,5,0,3,1,0.333,5,5,0,0,5,1.7,0.2,1,0
472,Bobby Massie,CHI,31,RT,8,8,1,1,1,4,4,0,1,4,4,0.1,0.5,0
473,Baker Mayfield,CLE,25,QB,16,16,1,1,1,6,6,0,1,6,6,0.1,0.4,8
474,Bruce Miller,JAX,33,FB,8,5,2,1,0.5,2,2,0,1,2,1,0.1,0.3,0
475,Gardner Minshew II,JAX,24,QB,9,8,1,1,1,0,0,0,0,0,0,0.1,0,5
476,Donte Moncrief,NWE,27,,6,0,2,1,0.5,15,15,0,1,15,7.5,0.2,2.5,0
477,Isaac Nauta,DET,23,,7,0,2,1,0.5,3,3,0,0,3,1.5,0.1,0.4,0
478,Siran Neal,BUF,26,,16,0,1,1,1,13,13,0,1,13,13,0.1,0.8,0
479,Scottie Phillips,HOU,23,,8,0,1,1,1,7,7,0,0,7,7,0.1,0.9,0
480,Dak Prescott,DAL,27,qb,5,5,1,1,1,11,11,1,1,11,11,0.2,2.2,3
481,James Proche,BAL,24,,14,0,3,1,0.333,14,14,0,1,14,4.7,0.1,1,0
482,Craig Reynolds,JAX,24,,2,0,1,1,1,3,3,0,0,3,3,0.5,1.5,0
483,Aaron Rodgers*+,GNB,37,QB,16,16,1,1,1,-6,-6,0,0,-6,-6,0.1,-0.4,4
484,Jaleel Scott,NYJ,25,,1,1,1,1,1,16,16,0,1,16,16,1,16,0
485,Anthony Sherman,KAN,32,,13,1,2,1,0.5,5,5,1,1,5,2.5,0.1,0.4,0
486,Vyncint Smith,NYJ,24,,7,0,3,1,0.333,13,13,0,1,13,4.3,0.1,1.9,0
487,Jeremy Sprinkle,WAS,26,TE,16,6,3,1,0.333,6,6,0,0,6,2,0.1,0.4,0
488,Ryan Tannehill,TEN,32,QB,16,16,1,1,1,0,0,0,0,0,0,0.1,0,6
489,J.J. Taylor,NWE,22,,6,0,2,1,0.5,4,4,0,0,4,2,0.2,0.7,0
490,Jordan Thomas,2TM,24,,6,0,2,1,0.5,3,3,1,1,3,1.5,0.2,0.5,0
491,Colin Thompson,CAR,27,,15,4,2,1,0.5,7,7,1,1,7,3.5,0.1,0.5,0
492,Zeke Turner,ARI,24,,16,0,1,1,1,26,26,0,1,26,26,0.1,1.6,0
493,Austin Walter,SFO,24,,4,0,1,1,1,27,27,0,1,27,27,0.3,6.8,0
494,Jonathan Ward,ARI,23,,14,0,1,1,1,11,11,1,1,11,11,0.1,0.8,0
495,Trevon Wesco,NYJ,25,,12,4,2,1,0.5,5,5,0,0,5,2.5,0.1,0.4,0
496,Dede Westbrook,JAX,27,,2,0,1,1,1,4,4,0,0,4,4,0.5,2,1
497,Antonio Williams,BUF,23,,1,0,1,1,1,20,20,0,1,20,20,1,20,0
498,Luke Willson,2TM,30,,8,0,3,1,0.333,12,12,0,0,12,4,0.1,1.5,0
499,T.J. Yeldon,BUF,27,,3,0,4,1,0.25,22,22,1,1,22,5.5,0.3,7.3,1