Rk,Player,Tm,Age,Pos,G,GS,Att,Yds,TD,1D,Lng,Y/A,Y/G,Fmb
1,Derrick Henry *+,TEN,26,RB,16,16,378,2027,17,98,94,5.4,126.7,3
2,Dalvin Cook*,MIN,25,RB,14,14,312,1557,16,91,70,5,111.2,5
3,Josh Jacobs*,LVR,22,RB,15,15,273,1065,12,61,28,3.9,71,2
4,David Montgomery,CHI,23,RB,15,14,247,1070,8,59,80,4.3,71.3,1
5,Ezekiel Elliott,DAL,25,RB,15,15,244,979,6,62,31,4,65.3,6
6,James Robinson,JAX,22,RB,14,14,240,1070,7,54,47,4.5,76.4,3
7,Kenyan Drake,ARI,26,RB,15,13,239,955,10,59,69,4,63.7,3
8,Jonathan Taylor,IND,21,RB,15,13,232,1169,11,69,62,5,77.9,1
9,Melvin Gordon,DEN,27,RB,15,10,215,986,9,46,65,4.6,65.7,4
10,Aaron Jones*,GNB,26,RB,14,14,201,1104,9,52,77,5.5,78.9,2
11,Kareem Hunt,CLE,25,rb,16,5,198,841,6,44,33,4.2,52.6,2
12,Todd Gurley,ATL,26,RB,15,15,195,678,9,45,35,3.5,45.2,2
13,Ronald Jones II,TAM,23,RB,14,13,192,978,7,48,98,5.1,69.9,2
14,Nick Chubb*,CLE,25,RB,12,12,190,1067,12,56,59,5.6,88.9,1
15,Frank Gore,NYJ,37,RB,15,14,187,653,2,32,17,3.5,43.5,1
16,Alvin Kamara*,NOR,25,RB,15,10,187,932,16,58,49,5,62.1,1
17,Clyde Edwards-Helaire,KAN,21,RB,13,13,181,803,4,39,31,4.4,61.8,0
18,Antonio Gibson,WAS,22,RB,14,10,170,795,11,40,40,4.7,56.8,1
19,James Conner,PIT,25,RB,13,11,169,721,6,42,59,4.3,55.5,2
20,Mike Davis,CAR,27,RB,15,12,165,642,6,38,25,3.9,42.8,1
21,Miles Sanders,PHI,23,RB,12,11,164,867,6,39,82,5.3,72.3,4
22,Lamar Jackson,BAL,23,QB,15,15,159,1005,7,56,50,6.3,67,10
23,Adrian Peterson,DET,35,RB,16,10,156,604,7,34,38,3.9,37.8,0
24,Devin Singletary,BUF,23,RB,16,16,156,687,2,40,51,4.4,42.9,1
25,Wayne Gallman,NYG,26,RB,15,10,147,682,6,36,60,4.6,45.5,1
26,David Johnson,HOU,29,RB,12,12,147,691,6,38,48,4.7,57.6,2
27,Latavius Murray,NOR,30,rb,15,7,146,656,4,36,36,4.5,43.7,1
28,Cam Akers,LAR,21,,13,5,145,625,2,26,61,4.3,48.1,1
29,Gus Edwards,BAL,25,rb,16,6,144,723,6,45,36,5,45.2,1
30,Myles Gaskin,MIA,23,RB,10,7,142,584,3,27,26,4.1,58.4,2
31,Chris Carson,SEA,26,RB,12,12,141,681,5,43,29,4.8,56.8,1
32,Darrell Henderson,LAR,23,RB,15,11,138,624,5,40,40,4.5,41.6,0
33,Damien Harris,NWE,23,RB,10,10,137,691,2,30,41,5,69.1,1
34,Cam Newton,NWE,31,QB,15,15,137,592,12,55,49,4.3,39.5,6
35,J.K. Dobbins,BAL,22,,15,1,134,805,9,38,72,6,53.7,2
36,Kyler Murray*,ARI,23,QB,16,16,133,819,11,52,48,6.2,51.2,9
37,Jeff Wilson,SFO,25,,12,3,126,600,7,31,34,4.8,50,2
38,Giovani Bernard,CIN,29,RB,16,10,124,416,3,23,15,3.4,26,1
39,Joe Mixon,CIN,24,rb,6,6,119,428,3,20,34,3.6,71.3,1
40,Jamaal Williams,GNB,25,,14,3,119,505,2,29,25,4.2,36.1,0
41,Phillip Lindsay,DEN,26,rb,11,8,118,502,1,19,55,4.3,45.6,0
42,Austin Ekeler,LAC,25,RB,10,10,116,530,1,26,27,4.6,53,1
43,D'Andre Swift,DET,21,,13,4,114,521,8,31,54,4.6,40.1,3
44,Zack Moss,BUF,23,,13,0,112,481,4,30,31,4.3,37,0
45,Joshua Kelley,LAC,23,,14,0,111,354,2,20,33,3.2,25.3,2
46,Benny Snell Jr.,PIT,22,,16,3,111,368,4,25,30,3.3,23,2
47,Raheem Mostert,SFO,28,RB,8,8,104,521,2,22,80,5,65.1,1
48,Josh Allen*,BUF,24,QB,16,16,102,421,8,38,24,4.1,26.3,9
49,Malcolm Brown,LAR,27,,16,0,101,419,5,28,19,4.1,26.2,1
50,Tony Pollard,DAL,23,,16,2,101,435,4,23,42,4.3,27.2,0
51,Brian Hill,ATL,25,,16,1,100,465,1,18,62,4.7,29.1,2
52,Chase Edmonds,ARI,24,,16,2,97,448,1,22,32,4.6,28,2
53,Leonard Fournette,TAM,25,,13,3,97,367,6,21,46,3.8,28.2,0
54,Alexander Mattison,MIN,22,,13,2,96,434,2,24,25,4.5,33.4,0
55,Peyton Barber,WAS,26,,16,2,94,258,4,26,15,2.7,16.1,0
56,Devontae Booker,LVR,28,,16,1,93,423,3,21,43,4.5,26.4,1
57,Kalen Ballage,2TM,25,,11,2,91,303,3,25,17,3.3,27.5,1
58,Deshaun Watson*,HOU,25,QB,16,16,90,444,3,31,16,4.9,27.8,8
59,Nyheim Hines,IND,24,,16,2,89,380,3,24,31,4.3,23.8,0
60,Taysom Hill,NOR,30,wr,16,8,87,457,8,34,43,5.3,28.6,10
61,J.D. McKissic,WAS,27,rb,16,7,85,365,1,25,17,4.3,22.8,3
62,Jordan Wilkins,IND,26,,15,0,84,308,1,17,22,3.7,20.5,0
63,Russell Wilson*,SEA,32,QB,16,16,83,513,2,25,38,6.2,32.1,7
64,Le'Veon Bell,2TM,28,,11,4,82,328,2,21,16,4,29.8,1
65,Carlos Hyde,SEA,30,,10,1,81,356,4,20,50,4.4,35.6,1
66,Jerick McKinnon,SFO,28,,16,4,81,319,5,16,55,3.9,19.9,0
67,Boston Scott,PHI,25,,16,4,80,374,1,16,56,4.7,23.4,2
68,Sony Michel,NWE,25,rb,9,6,79,449,1,19,48,5.7,49.9,0
69,Duke Johnson,HOU,27,rb,11,5,77,235,1,11,23,3.1,21.4,3
70,Salvon Ahmed,MIA,22,,6,4,75,319,3,18,31,4.3,53.2,0
71,Mark Ingram,BAL,31,RB,11,9,72,299,2,14,30,4.2,27.2,0
72,Rex Burkhead,NWE,30,,10,0,67,274,3,18,18,4.1,27.4,0
73,Daniel Jones,NYG,23,QB,14,14,65,423,1,17,80,6.5,30.2,10
74,Cordarrelle Patterson*+,CHI,29,,16,3,64,232,1,12,13,3.6,14.5,0
75,La'Mical Perine,NYJ,22,,10,0,64,232,2,18,20,3.6,23.2,0
76,Jalen Hurts,PHI,22,,15,4,63,354,3,25,24,5.6,23.6,9
77,Samaje Perine,CIN,25,,16,1,63,301,3,16,46,4.8,18.8,0
78,Ito Smith,ATL,25,,14,0,63,268,1,8,24,4.3,19.1,1
79,Patrick Mahomes*,KAN,25,QB,15,15,62,308,2,22,24,5,20.5,5
80,Matt Breida,MIA,25,,12,1,59,254,0,11,24,4.3,21.2,2
81,Justin Jackson,LAC,24,,9,4,59,270,0,15,36,4.6,30,0
82,Christian McCaffrey,CAR,24,,3,3,59,225,5,14,15,3.8,75,0
83,Justin Herbert,LAC,22,QB,15,15,55,234,5,20,31,4.3,15.6,8
84,Alfred Morris,NYG,32,,9,0,55,238,1,13,20,4.3,26.4,0
85,Devonta Freeman,NYG,28,,5,4,54,172,1,9,14,3.2,34.4,0
86,Ty Johnson,2TM,23,,13,1,54,254,1,11,34,4.7,19.5,0
87,Baker Mayfield,CLE,25,QB,16,16,54,165,1,18,28,3.1,10.3,8
88,Teddy Bridgewater,CAR,28,QB,15,15,53,279,5,18,18,5.3,18.6,6
89,Kerryon Johnson,DET,23,,16,2,52,181,2,9,14,3.5,11.3,1
90,Carson Wentz,PHI,28,QB,12,12,52,276,5,25,40,5.3,23,10
91,Jared Goff,LAR,26,QB,15,15,51,99,4,12,10,1.9,6.6,7
92,Jeremy McNichols,TEN,25,,16,0,47,204,1,8,20,4.3,12.8,0
93,AJ Dillon,GNB,22,,11,0,46,242,2,11,30,5.3,22,0
94,Drew Lock,DEN,24,QB,13,13,44,160,3,13,16,3.6,12.3,8
95,Ryan Tannehill,TEN,32,QB,16,16,43,266,7,22,45,6.2,16.6,6
96,Curtis Samuel,CAR,24,WR,15,5,41,200,2,10,45,4.9,13.3,1
97,Rodney Smith,CAR,24,,7,1,41,156,1,14,13,3.8,22.3,1
98,Derek Carr,LVR,29,QB,16,16,39,140,3,16,18,3.6,8.8,11
99,Jamycal Hasty,SFO,24,,8,0,39,148,1,7,20,3.8,18.5,1
100,Darrel Williams,KAN,25,,16,0,39,169,1,14,13,4.3,10.6,0
101,Aaron Rodgers*+,GNB,37,QB,16,16,38,149,3,15,14,3.9,9.3,4
102,Joe Burrow,CIN,24,QB,10,10,37,142,3,14,23,3.8,14.2,9
103,Sam Darnold,NYJ,23,QB,12,12,37,217,2,13,46,5.9,18.1,4
104,Tua Tagovailoa,MIA,22,QB,10,9,36,109,3,13,17,3,10.9,1
105,Royce Freeman,DEN,24,,16,0,35,170,0,10,23,4.9,10.6,0
106,Jordan Howard,2TM,26,,7,4,35,60,4,7,11,1.7,8.6,1
107,James White,NWE,28,,14,0,35,121,2,6,10,3.5,8.6,1
108,DeeJay Dallas,SEA,22,,12,2,34,108,2,9,13,3.2,9,0
109,D'Ernest Johnson,CLE,24,,16,0,33,166,0,7,28,5,10.4,1
110,Anthony McFarland Jr.,PIT,21,,11,0,33,113,0,4,20,3.4,10.3,0
111,Mitchell Trubisky,CHI,26,QB,10,9,33,195,1,12,45,5.9,19.5,6
112,Kirk Cousins,MIN,32,QB,16,16,32,156,1,16,16,4.9,9.8,9
113,Dare Ogunbowale,JAX,26,,14,2,32,145,0,6,25,4.5,10.4,0
114,DeAndre Washington,2TM,27,,4,1,31,91,0,2,16,2.9,22.8,0
115,Tom Brady,TAM,43,QB,16,16,30,6,3,6,4,0.2,0.4,4
116,Ryan Fitzpatrick,MIA,38,qb,9,7,30,151,2,12,17,5,16.8,2
117,Josh Adams,NYJ,24,,8,0,29,157,2,10,25,5.4,19.6,0
118,Dion Lewis,NYG,30,,16,0,29,115,2,8,19,4,7.2,3
119,Gardner Minshew II,JAX,24,QB,9,8,29,153,1,10,16,5.3,17,5
120,Matt Ryan,ATL,35,QB,16,16,29,92,2,8,16,3.2,5.8,6
121,Matthew Stafford,DET,32,QB,16,16,29,112,0,12,17,3.9,7,2
122,Tevin Coleman,SFO,27,,8,1,28,53,0,3,12,1.9,6.6,0
123,Andy Dalton,DAL,33,QB,11,9,28,114,0,11,13,4.1,10.4,2
124,Darwin Thompson,KAN,23,,14,1,27,97,1,7,14,3.6,6.9,0
125,Ke'Shawn Vaughn,TAM,23,,10,0,26,109,0,5,19,4.2,10.9,1
126,Trayveon Williams,CIN,23,,10,0,26,157,0,5,55,6,15.7,1
127,Travis Homer,SEA,22,,9,0,25,88,0,2,12,3.5,9.8,0
128,Ben Roethlisberger,PIT,38,QB,15,15,25,11,0,3,11,0.4,0.7,5
129,Robert Woods,LAR,28,WR,16,16,24,155,2,9,40,6.5,9.7,2
130,J.J. Taylor,NWE,22,,6,0,23,110,0,5,28,4.8,18.3,0
131,D'Onta Foreman,TEN,24,,6,0,22,95,0,6,15,4.3,15.8,0
132,Jalen Richard,LVR,27,,13,0,22,123,1,7,20,5.6,9.5,1
133,Corey Clement,PHI,26,,15,0,21,75,1,3,7,3.6,5,0
134,Dwayne Haskins,WAS,23,qb,7,6,20,46,1,6,19,2.3,6.6,6
135,Saquon Barkley,NYG,23,,2,2,19,34,0,1,18,1.8,17,0
136,Ty Montgomery,NOR,27,,6,1,19,101,0,4,36,5.3,16.8,0
137,Drew Brees,NOR,41,QB,12,12,18,-2,2,4,3,-0.1,-0.2,6
138,Alex Collins,SEA,26,,3,1,18,77,2,5,13,4.3,25.7,0
139,Dak Prescott,DAL,27,qb,5,5,18,93,3,8,12,5.2,18.6,3
140,Philip Rivers,IND,39,QB,16,16,18,-8,0,0,3,-0.4,-0.5,2
141,Laviska Shenault Jr.,JAX,22,WR,14,12,18,91,0,6,17,5.1,6.5,0
142,Jacoby Brissett,IND,28,,11,0,17,19,3,9,5,1.1,1.7,0
143,Kyle Juszczyk*,SFO,29,FB,16,15,17,64,2,12,10,3.8,4,1
144,Nick Foles,CHI,31,qb,9,7,16,1,1,2,7,0.1,0.1,2
145,Buddy Howell,HOU,24,,14,0,16,64,0,2,9,4,4.6,0
146,Troymaine Pope,LAC,27,,6,0,15,76,0,3,26,5.1,12.7,0
147,Tarik Cohen,CHI,25,,3,0,14,74,0,3,17,5.3,24.7,0
148,Darrynton Evans,TEN,22,,5,0,14,54,0,2,9,3.9,10.8,0
149,Brandon Allen,CIN,28,qb,5,5,13,27,0,5,4,2.1,5.4,1
150,Tim Boyle,GNB,26,,8,0,13,-9,0,0,0,-0.7,-1.1,1
151,Tyler Ervin,GNB,27,,8,0,13,67,0,4,21,5.2,8.4,0
152,Tyreek Hill*+,KAN,26,WR,15,15,13,123,2,5,32,9.5,8.2,1
153,Patrick Laird,MIA,25,,16,0,13,72,0,4,17,5.5,4.5,1
154,Reggie Bonnafon,CAR,24,,2,0,12,69,0,4,22,5.8,34.5,0
155,Robert Griffin III,BAL,30,,4,1,12,69,0,4,39,5.8,17.3,1
156,Justice Hill,BAL,23,,12,0,12,60,0,2,19,5,5,0
157,Antonio Williams,BUF,23,,1,0,12,63,2,4,18,5.3,63,0
158,Mike Boone,MIN,25,,16,0,11,59,1,2,19,5.4,3.7,0
159,Ryan Finley,CIN,26,,5,1,11,66,1,4,23,6,13.2,0
160,Rashaad Penny,SEA,24,,3,0,11,34,0,1,7,3.1,11.3,0
161,Trenton Cannon,CAR,26,,14,0,10,33,0,2,13,3.3,2.4,0
162,Chase Claypool,PIT,22,wr,16,6,10,16,2,4,8,1.6,1,3
163,Jimmy Garoppolo,SFO,29,qb,6,6,10,25,0,3,9,2.5,4.2,2
164,Tyler Huntley,BAL,22,,2,0,10,23,0,1,19,2.3,11.5,0
165,CeeDee Lamb,DAL,21,WR,16,14,10,82,1,4,19,8.2,5.1,2
166,LeSean McCoy,TAM,32,,10,0,10,31,0,2,14,3.1,3.1,0
167,Isaiah McKenzie,BUF,25,wr,16,7,10,9,0,2,14,0.9,0.6,0
168,C.J. Prosise,HOU,26,,10,0,10,19,0,0,7,1.9,1.9,1
169,Alex Smith,WAS,36,QB,8,6,10,3,0,0,5,0.3,0.4,2
170,T.J. Yeldon,BUF,27,,3,0,10,70,0,5,34,7,23.3,1
171,Lynn Bowden Jr.,MIA,23,,10,4,9,32,0,3,11,3.6,3.2,0
172,Blaine Gabbert,TAM,31,,4,0,9,16,0,0,16,1.8,4,1
173,KJ Hamler,DEN,21,,13,4,9,40,0,2,15,4.4,3.1,2
174,Dontrell Hilliard,2TM,25,,7,0,9,48,0,3,19,5.3,6.9,0
175,Marcus Mariota,LVR,27,,1,0,9,88,1,8,26,9.8,88,0
176,Colt McCoy,NYG,34,,4,2,9,12,0,0,4,1.3,3,1
177,Nick Mullens,SFO,25,QB,10,8,9,8,0,1,7,0.9,0.8,6
178,Henry Ruggs III,LVR,21,WR,13,12,9,49,0,3,12,5.4,3.8,2
179,Jaylen Samuels,PIT,24,,14,1,9,28,0,1,6,3.1,2,0
180,Ameer Abdullah,MIN,27,,16,0,8,42,0,4,13,5.3,2.6,0
181,David Moore,SEA,25,WR,16,6,8,61,0,4,15,7.6,3.8,1
182,Deebo Samuel,SFO,24,wr,7,5,8,26,0,1,10,3.3,3.7,0
183,Dwayne Washington,NOR,26,,11,0,8,15,0,0,5,1.9,1.4,0
184,Jameis Winston,NOR,26,,4,0,8,-6,0,0,3,-0.8,-1.5,0
185,Kyle Allen,WAS,24,,4,4,7,26,1,3,13,3.7,6.5,1
186,Michael Burton,NOR,28,FB,15,4,7,18,0,6,7,2.6,1.2,0
187,Rico Dowdle,DAL,22,,15,0,7,24,0,1,7,3.4,1.6,0
188,Chad Henne,KAN,35,,3,1,7,-2,1,1,1,-0.3,-0.7,2
189,Mason Rudolph,PIT,25,,5,1,7,-6,0,0,1,-0.9,-1.2,0
190,Jarrett Stidham,NWE,24,,5,0,7,7,0,3,6,1,1.4,0
191,Chris Thompson,JAX,30,,8,0,7,20,0,1,5,2.9,2.5,0
192,Logan Woodside,TEN,25,,6,0,7,10,0,1,18,1.4,1.7,0
193,Jamal Agnew,DET,25,,14,2,6,33,0,3,11,5.5,2.4,2
194,Brandon Aiyuk,SFO,22,WR,12,11,6,77,2,3,38,12.8,6.4,0
195,Alex Armah,CAR,26,,16,1,6,9,0,5,3,1.5,0.6,0
196,Matt Barkley,BUF,30,,5,0,6,-6,0,0,-1,-1,-1.2,0
197,C.J. Beathard,SFO,27,,6,2,6,28,0,1,17,4.7,4.7,3
198,Amari Cooper,DAL,26,WR,16,15,6,14,0,1,10,2.3,0.9,0
199,Ben DiNucci,DAL,24,,3,1,6,22,0,2,10,3.7,7.3,4
200,Jeff Driskel,DEN,27,,3,1,6,28,0,3,9,4.7,9.3,0
201,Evan Engram*,NYG,26,TE,16,14,6,26,1,1,9,4.3,1.6,1
202,Joe Flacco,NYJ,35,,5,4,6,22,0,3,9,3.7,4.4,1
203,Mike Glennon,JAX,31,qb,5,5,6,17,0,2,4,2.8,3.4,2
204,De'Michael Harris,IND,22,,7,0,6,46,0,3,19,7.7,6.6,0
205,Deonte Harris,NOR,23,,9,2,6,51,0,2,23,8.5,5.7,3
206,Elijhaa Penny,NYG,27,,14,0,6,15,0,4,5,2.5,1.1,0
207,Artavis Pierce,CHI,24,,5,0,6,34,1,2,23,5.7,6.8,0
208,Theo Riddick,LVR,29,,4,0,6,14,0,1,11,2.3,3.5,0
209,Bo Scarbrough,SEA,26,,1,0,6,31,0,1,12,5.2,31,0
210,Sterling Shepard,NYG,27,WR,12,12,6,49,1,2,23,8.2,4.1,0
211,Tyrod Taylor,LAC,31,,2,1,6,7,0,1,4,1.2,3.5,0
212,John Wolford,LAR,25,,1,1,6,56,0,4,14,9.3,56,0
213,Tyler Boyd,CIN,26,wr,15,8,5,49,0,2,25,9.8,3.3,1
214,Alex Erickson,CIN,28,,16,2,5,7,0,0,7,1.4,0.4,2
215,C.J. Ham,MIN,27,FB,15,11,5,18,0,2,10,3.6,1.2,0
216,Tee Higgins,CIN,21,WR,16,14,5,28,0,1,13,5.6,1.8,1
217,Jason Huntley,PHI,22,,5,0,5,19,0,1,10,3.8,3.8,0
218,Trace McSorley,BAL,25,,2,0,5,17,0,2,9,3.4,8.5,0
219,Gunner Olszewski+,NWE,24,,13,2,5,23,0,1,12,4.6,1.8,1
220,Joe Reed,LAC,22,,11,0,5,29,1,1,8,5.8,2.6,0
221,Calvin Ridley,ATL,26,WR,15,15,5,1,0,1,8,0.2,0.1,1
222,Brett Rypien,DEN,24,,3,1,5,-5,0,0,-1,-1,-1.7,1
223,Phillip Walker,CAR,25,,4,1,5,-2,0,0,2,-0.4,-0.5,1
224,Robby Anderson,CAR,27,WR,16,16,4,15,0,1,11,3.8,0.9,1
225,Cameron Batson,TEN,25,,12,1,4,20,0,2,11,5,1.7,1
226,LeVante Bellamy,DEN,24,,5,0,4,11,0,0,8,2.8,2.2,0
227,Devin Duvernay,BAL,23,,16,3,4,70,0,3,42,17.5,4.4,0
228,Mecole Hardman,KAN,22,wr,16,8,4,31,0,2,20,7.8,1.9,2
229,Cooper Kupp,LAR,27,WR,15,12,4,33,0,3,16,8.3,2.2,1
230,Jarvis Landry,CLE,28,WR,15,14,4,10,1,2,5,2.5,0.7,2
231,Marlon Mack,IND,24,,1,1,4,26,0,2,18,6.5,26,0
232,Ray-Ray McCloud,PIT,24,,16,2,4,65,0,1,58,16.3,4.1,2
233,Darnell Mooney,CHI,23,wr,16,9,4,20,0,1,16,5,1.3,1
234,Jalen Reagor,PHI,21,WR,11,11,4,26,0,2,19,6.5,2.4,2
235,Keith Smith,ATL,28,FB,16,7,4,7,0,4,3,1.8,0.4,0
236,Tommy Stevens,CAR,24,,1,0,4,24,0,2,10,6,24,0
237,Chris Streveler,ARI,25,,5,0,4,15,0,2,12,3.8,3,1
238,Marquez Valdes-Scantling,GNB,26,WR,16,12,4,13,0,1,9,3.3,0.8,1
239,Odell Beckham Jr.,CLE,28,WR,7,7,3,72,1,2,50,24,10.3,0
240,Braxton Berrios,NYJ,25,,16,2,3,29,0,1,15,9.7,1.8,0
241,Tony Brooks-James,ATL,26,,1,0,3,4,0,0,4,1.3,4,0
242,Garrett Gilbert,DAL,29,,1,1,3,28,0,2,15,9.3,28,0
243,Jakeem Grant,MIA,28,,14,4,3,20,0,1,29,6.7,1.4,2
244,Taylor Heinicke,WAS,27,,1,0,3,22,0,2,12,7.3,22,0
245,Alec Ingold,LVR,24,,16,4,3,4,0,2,3,1.3,0.3,0
246,Diontae Johnson,PIT,24,WR,15,13,3,15,0,0,9,5,1,2
247,Tyron Johnson,LAC,24,,12,0,3,17,0,0,7,5.7,1.4,0
248,Tony Jones,NOR,23,,1,1,3,13,0,1,6,4.3,13,0
249,John Lovett,GNB,24,,8,0,3,6,0,0,4,2,0.8,0
250,Scott Miller,TAM,23,WR,16,5,3,14,0,0,7,4.7,0.9,0
251,Ryan Nall,CHI,25,,16,0,3,0,0,0,0,0,0,0
252,Malcolm Perry,MIA,23,,9,2,3,5,0,1,6,1.7,0.6,1
253,Michael Pittman Jr.,IND,23,WR,13,8,3,26,0,1,21,8.7,2,0
254,Matt Schaub,ATL,39,,1,0,3,-4,0,0,-1,-1.3,-4,0
255,Anthony Sherman,KAN,32,,13,1,3,8,0,2,6,2.7,0.6,0
256,Diontae Spencer,DEN,28,,11,0,3,19,0,1,9,6.3,1.7,2
257,Adam Thielen,MIN,30,WR,15,15,3,15,0,0,8,5,1,0
258,Logan Thomas,WAS,29,TE,16,15,3,5,0,2,3,1.7,0.3,0
259,Cedrick Wilson Jr.,DAL,25,,16,0,3,-12,0,0,-1,-4,-0.8,0
260,Isaiah Wright,WAS,23,wr,14,6,3,16,0,0,9,5.3,1.1,3
261,Antonio Brown,TAM,32,,8,4,2,-2,0,0,1,-1,-0.3,0
262,Trey Burton,IND,29,,13,4,2,3,2,2,2,1.5,0.2,0
263,Damiere Byrd,NWE,27,WR,16,14,2,15,0,1,11,7.5,0.9,3
264,Parris Campbell,IND,23,,2,2,2,16,0,2,9,8,8,0
265,Jeremy Chinn,CAR,22,RLB,15,15,2,29,0,1,28,14.5,1.9,0
266,Chase Daniel,DET,34,,4,0,2,16,0,1,11,8,4,0
267,Joshua Dobbs,PIT,25,,1,0,2,20,0,1,13,10,20,0
268,Ashton Dulin,IND,23,,13,0,2,11,0,0,8,5.5,0.8,1
269,Julian Edelman,NWE,34,,6,1,2,22,0,1,23,11,3.7,0
270,Clayton Fejedelem,MIA,27,,13,0,2,23,0,2,22,11.5,1.8,0
271,D.J. Foster,ARI,27,,10,0,2,2,0,0,2,1,0.2,0
272,Russell Gage,ATL,24,wr,16,8,2,9,0,1,11,4.5,0.6,0
273,Jalen Guyton,LAC,23,WR,16,9,2,0,0,0,4,0,0,0
274,N'Keal Harry,NWE,23,WR,14,9,2,0,0,0,2,0,0,1
275,Myles Hartsfield,CAR,23,,16,0,2,2,0,0,2,1,0.1,0
276,Kendall Hinton,DEN,23,,1,0,2,7,0,0,5,3.5,7,0
277,Andy Janovich,CLE,27,,14,3,2,4,0,1,2,2,0.3,0
278,Christian Kirk,ARI,24,WR,14,10,2,3,0,1,3,1.5,0.2,1
279,George Kittle,SFO,27,TE,8,8,2,17,0,1,9,8.5,2.1,0
280,Allen Lazard,GNB,25,wr,10,9,2,17,0,1,19,8.5,1.7,0
281,Tommylee Lewis,NOR,28,,5,0,2,14,0,1,16,7,2.8,0
282,Terry McLaurin,WAS,25,WR,15,15,2,30,0,2,27,15,2,1
283,Jakobi Meyers,NWE,24,wr,14,9,2,9,0,0,7,4.5,0.6,1
284,Anthony Miller,CHI,26,WR,16,6,2,12,0,1,9,6,0.8,2
285,D.J. Moore,CAR,23,WR,15,14,2,22,0,1,21,11,1.5,0
286,Gabe Nabers,LAC,23,fb,16,5,2,7,0,1,4,3.5,0.4,0
287,Senorise Perry,TEN,29,,7,0,2,9,0,1,6,4.5,1.3,0
288,Scottie Phillips,HOU,23,,8,0,2,9,0,0,5,4.5,1.1,0
289,Brandon Powell,ATL,25,,15,1,2,7,0,0,4,3.5,0.5,2
290,Darius Slayton,NYG,23,WR,16,15,2,-1,0,0,2,-0.5,-0.1,1
291,Geno Smith,SEA,30,,1,0,2,-2,0,0,0,-1,-2,1
292,Jonnu Smith,TEN,25,TE,15,14,2,4,1,1,3,2,0.3,0
293,Nate Sudfeld,PHI,27,,1,0,2,12,0,1,12,6,12,1
294,Greg Ward,PHI,25,wr,16,10,2,-4,0,0,2,-2,-0.3,2
295,Dexter Williams,GNB,23,,3,0,2,8,0,0,5,4,2.7,0
296,Shawn Williams,CIN,29,,13,0,2,46,0,2,39,23,3.5,0
297,Isaiah Zuber,NWE,23,,4,0,2,21,0,2,13,10.5,5.3,0
298,Jordan Akins,HOU,28,te,13,5,1,4,0,1,4,4,0.3,0
299,Keenan Allen*,LAC,28,WR,14,13,1,-1,0,0,-1,-1,-0.1,3
300,Danny Amendola,DET,35,wr,14,5,1,2,0,1,2,2,0.1,0
301,Blake Bell,DAL,29,,16,2,1,2,0,1,2,2,0.1,0
302,Nick Bellore*,SEA,31,,16,0,1,5,0,0,5,5,0.3,0
303,David Blough,DET,25,,1,0,1,18,0,1,18,18,18,0
304,C.J. Board,NYG,27,,14,4,1,3,0,0,3,3,0.2,0
305,Marquise Brown,BAL,23,WR,16,14,1,1,0,0,1,1,0.1,0
306,Noah Brown,DAL,24,,16,1,1,4,0,0,4,4,0.3,0
307,Jason Cabinda,DET,24,,16,2,1,0,0,0,0,0,0,0
308,AJ Cole III,LVR,25,,16,0,1,0,0,0,0,0,0,1
309,Keelan Cole,JAX,27,wr,16,5,1,2,0,0,2,2,0.1,0
310,Jamison Crowder,NYJ,27,WR,12,7,1,14,0,1,14,14,1.2,0
311,Gabriel Davis,BUF,21,WR,16,11,1,0,0,0,0,0,0,1
312,Stefon Diggs*+,BUF,27,WR,16,15,1,1,0,0,1,1,0.1,0
313,Gerald Everett,LAR,26,te,16,7,1,2,1,1,2,2,0.1,1
314,Will Fuller,HOU,26,WR,11,11,1,0,0,0,0,0,0,0
315,Antonio Gandy-Golden,WAS,22,,6,2,1,22,0,1,22,22,3.7,0
316,Jamie Gillan,CLE,23,,16,0,1,-2,0,0,-2,-2,-0.1,1
317,Terry Godwin,JAX,24,,3,0,1,3,0,0,3,3,1,0
318,Marvin Hall,2TM,27,,12,6,1,1,0,0,1,1,0.1,0
319,Penny Hart,SEA,24,,13,0,1,19,0,1,19,19,1.5,0
320,Jeff Heath,LVR,29,fs,13,5,1,1,0,1,1,1,0.1,0
321,Tyler Higbee,LAR,27,TE,15,15,1,1,0,0,1,1,0.1,0
322,John Hightower,PHI,24,,13,4,1,1,0,0,1,1,0.1,0
323,T.J. Hockenson*,DET,23,TE,16,16,1,0,0,0,0,0,0,1
324,Amani Hooker,TEN,22,,16,3,1,4,0,1,4,4,0.3,0
325,DeAndre Hopkins*,ARI,28,WR,16,16,1,1,0,0,1,1,0.1,3
326,Brian Hoyer,NWE,35,,1,1,1,8,0,1,8,8,8,1
327,Andy Isabella,ARI,24,,13,2,1,-6,0,0,-6,-6,-0.5,1
328,DeSean Jackson,PHI,34,wr,5,5,1,12,0,1,12,12,2.4,0
329,Justin Jefferson*,MIN,21,WR,16,14,1,2,0,0,2,2,0.1,1
330,Van Jefferson,LAR,24,,16,0,1,-1,0,0,-1,-1,-0.1,1
331,Chris Jones,DAL,31,,8,0,1,0,0,0,0,0,0,0
332,Adrian Killins,PHI,22,,1,0,1,-12,0,0,-12,-12,-12,0
333,Cole Kmet,CHI,21,TE,16,9,1,-3,0,0,-3,-3,-0.2,1
334,Ty Long,LAC,27,,16,0,1,-28,0,0,-28,-28,-1.8,0
335,Jake Luton,JAX,24,,3,3,1,13,1,1,13,13,4.3,2
336,Josh Malone,NYJ,24,,4,0,1,12,0,1,12,12,3,0
337,Sam Martin,DEN,30,,16,0,1,0,0,0,0,0,0,1
338,Barkevious Mingo,CHI,30,,16,3,1,11,0,1,11,11,0.7,0
339,Donte Moncrief,NWE,27,,6,0,1,4,0,1,4,4,0.7,0
340,C.J. Moore,DET,25,,12,0,1,3,0,0,3,3,0.3,0
341,Jojo Natson,CLE,26,,3,0,1,3,0,0,3,3,1,0
342,Sharrod Neasman,ATL,29,,16,2,1,2,0,0,2,2,0.1,1
343,Qadree Ollison,ATL,24,,3,0,1,3,0,1,3,3,1,0
344,Devine Ozigbo,JAX,24,,8,0,1,1,0,0,1,1,0.1,0
345,Breshad Perriman,NYJ,27,WR,12,12,1,6,0,0,6,6,0.5,0
346,Nathan Peterman,LVR,26,,1,0,1,9,0,1,9,9,9,0
347,Kalif Raymond,TEN,26,,15,3,1,-3,0,0,-3,-3,-0.2,0
348,Craig Reynolds,JAX,24,,2,0,1,4,0,0,4,4,2,0
349,Josh Reynolds,LAR,25,WR,16,13,1,5,0,0,5,5,0.3,2
350,Patrick Ricard*,BAL,26,FB,15,10,1,-1,0,0,-1,-1,-0.1,1
351,Andre Roberts*,BUF,32,,15,0,1,-3,0,0,-3,-3,-0.2,3
352,Allen Robinson,CHI,27,WR,16,16,1,-1,0,0,-1,-1,-0.1,0
353,Emmanuel Sanders,NOR,33,WR,14,5,1,12,0,1,12,12,0.9,1
354,Mohamed Sanu,2TM,31,,10,4,1,3,0,1,3,3,0.3,0
355,Cam Sims,WAS,24,WR,16,10,1,5,0,0,5,5,0.3,1
356,Steven Sims,WAS,23,,12,2,1,18,0,1,18,18,1.5,4
357,Matt Skura,BAL,27,C,15,12,1,0,0,0,0,0,0,4
358,Tre'Quan Smith,NOR,24,WR,14,10,1,3,0,0,3,3,0.2,1
359,Equanimeous St. Brown,GNB,24,,12,1,1,7,0,1,7,7,0.6,0
360,Easton Stick,LAC,25,,1,0,1,-2,0,0,-2,-2,-2,0
361,Malik Taylor,GNB,25,,15,1,1,9,0,0,9,9,0.6,0
362,Michael Thomas,NOR,27,wr,7,5,1,1,0,0,1,1,0.1,0
363,Mike Thomas,CIN,26,,14,0,1,1,0,0,1,1,0.1,1
364,Darian Thompson,DAL,27,ss,15,7,1,3,0,0,3,3,0.2,0
365,Austin Walter,SFO,24,,4,0,1,3,0,0,3,3,0.8,0
366,Sammy Watkins,KAN,27,WR,10,9,1,3,0,0,3,3,0.3,1
367,Trevon Wesco,NYJ,25,,12,4,1,0,0,0,0,0,0,0
368,Jonathan Williams,DET,26,,5,0,1,5,0,0,5,5,1,1
369,Mike Williams,LAC,26,WR,15,11,1,1,0,0,1,1,0.1,0
370,Javon Wims,CHI,26,,13,1,1,2,0,0,2,2,0.2,0
371,Olamide Zaccheaus,ATL,23,,11,2,1,0,0,0,0,0,0,0
372,Brandon Zylstra,CAR,27,,16,2,1,1,0,0,1,1,0.1,0